"CD_METHODE";"CD_METH_METIER";"LB_METHODE_COURT";"LB_METHODE_COMPLET";"LB_METHODE_EN";"URL_PERM";"URL_COMPLEMENTAIRE";"DESCR_METHODE";"EXEMPLES_CIBLE_METH";"DESCR_OBJECTIF_METH";"NATURE_DONNEES";"ANALYSE_REFERENCE";"UUID";"GELE"
2001;"M2001";"Entomocénotique";"Entomocénotique";;"https://inpn.mnhn.fr/docs-web/docs/download/174497";;"Application des principes de la phytosociologie aux communautés d'insectes (Orthoptères) : dans un secteur géographique et climatique donné, lorsque les conditions stationnelles sont les mêmes, on observe presque toujours les mêmes espèces ensemble. Des relevés orthoptériques sont effectués par identification à vue ou à l'ouïe des espèces (voire par capture directe) au cours de déplacements libres dans la station.";"Orthoptères";"Etablir une classification climatique et écologique des peuplements à partir de relevés de terrain (listes d’espèces) pour réaliser un bilan de santé des milieux en surveillance, et pour aider dans les choix conservatoires";"Occurrence, présence simple";"https://inpn.mnhn.fr/docs-web/docs/download/400859";"facb8aea-51fd-4c2b-984b-8045622ccc1a";"false"
2002;"M2002";"CMR, CR";"Capture-Marquage-Recapture / Capture-Recapture";"Capture-marking-recapture method, Capture-recapture method";"https://inpn.mnhn.fr/docs-web/docs/download/400832";"https://inpn.mnhn.fr/docs-web/docs/download/400833";"Méthode d'échantillonnage qui consiste à capturer, à marquer puis à recapturer des individus sur le même site afin d'y estimer l'abondance d'une population et sa structure démographique. En répétant les occasions de capture, le taux de reprise d’individus déjà marqués permet d'estimer une probabilité de capture, et ainsi de corriger les effectifs observés en estimant le nombre d’individus non détectés. L'abondance est estimée en fonction du taux de recapture d'individus marqués. Pour estimer la densité locale, ces valeurs d’abondance sont rapportées à la surface effectivement utilisée par les animaux détectés. Cette méthode permet aussi d'étudier les déplacements des individus et dans certains cas les dimensions de leur habitat et leur organisation spatiale. Sur le même principe, mais sans marquage, la photo-identification utilise les motifs uniques (exemple : répartition des taches sur le pelage du Lynx boréal) et autres caractères physiques propres à chaque individu (exemple : découpage de la nageoire caudale chez la Baleine à bosse) permettant une reconnaissance et un suivi individuel sur la base de photographies (correspondant à des événements de ""capture-recapture"").";"Vertébrés (Mammifères, Oiseaux, Amphibiens et reptiles, Poissons, etc.), Invertébrés (Insectes, Mollusques, etc.)";"Estimation de l'abondance et de la densité locale, suivi de l’évolution de la population dans le temps et comparaison aux estimations obtenues sur d’autres populations. Evaluation des déplacements des individus et des dimensions de leur habitat.";"Abondance absolue, nombre d'individus, surface (habitat), biomasse";"https://inpn.mnhn.fr/docs-web/docs/editDoc/400834";"9ffee127-4675-4a2c-8db7-c6676ca3b0bb";"false"
2003;"M2003";;"Distance sampling par line-transect";"Distance sampling - Line transect";"https://inpn.mnhn.fr/docs-web/docs/download/401457";;"Méthode d'échantillonnage par la distance de détection. Estimation d'abondance et de densité à partir de mesures de distances entre l’observateur et les individus observés de part et d’autre d’un transect linéaire (en ligne d'une longueur donnée) ou ponctuel (l'observateur se déplace le long d'un transect mais le relevé s'effectue sur un point fixe sur ce transect, détaillé au n°2004 de ce catalogue). Les transects sont choisis aléatoirement ou en série de lignes parallèles systématiquement espacées avec un point de départ aléatoire. La distance de chaque individu détecté par rapport à la ligne est notée, et c'est la distribution de ces distances qui permet d'estimer la proportion d'individus détectés, et donc la densité et l'abondance de la population. Cette méthode permet d'évaluer dans quelle mesure notre capacité à détecter les individus diffère dans différents habitats et à différents moments.";"Principalement les Vertébrés (Oiseaux, Mammifères) mais aussi la flore";"Evaluer l'abondance à partir de la densité d'une espèce sur un territoire donné (Abondance = Densité x surface totale obtenue sur la base des probabilités de détection en fonction de la distance) et suivre la tendance de la population.";"Abondance absolue, nombre d'individus, surface (habitat), biomasse";"https://inpn.mnhn.fr/docs-web/docs/download/400835";"12dc1e88-ac4d-4d41-bc97-20c820ba705d";"false"
2004;"M2004";;"Distance sampling par point-transect";"Distance sampling - Point transect";"https://inpn.mnhn.fr/docs-web/docs/download/401457";"https://inpn.mnhn.fr/docs-web/docs/download/401132";"Méthode d'échantillonnage par la distance de détection. Estimation d'abondance et de densité à partir de mesures de distances entre l’observateur et les individus observés de part et d’autre d’un transect linéaire (en ligne d'une longueur donnée, détaillé au n°3 de ce catalogue) ou ponctuel (l'observateur se déplace le long d'un transect mais le relevé s'effectue sur un point fixe sur ce transect). Les points sont prédéfinis. La distance de chaque individu détecté par rapport au point est notée, et c'est la distribution de ces distances qui permet d'estimer la proportion d'individus détectés, et donc la densité et l'abondance de la population. Elle permet d'évaluer dans quelle mesure notre capacité à détecter les individus diffère dans différents habitats et à différents moments. Cette méthode est surtout utilisée pour les points d'écoute d'oiseaux pendant la reproduction, mais aussi pour certains mammifères discrets lorsqu'on utilise des points-pièges et / ou des points appâtés : ces derniers attirent les individus vers un point, et permettent potentiellement une estimation de l'abondance des espèces qui peuvent être piégées, avec moins de ressources nécessaires que les campagnes de piégeage classiques et les méthodes conventionnelles de marquage-recapture.";"Plutôt les oiseaux chanteurs, mais aussi les mammifères";"Evaluer l'abondance à partir de la densité d'une espèce sur un territoire donné (Abondance = Densité x surface totale obtenue sur la base des probabilités de détection en fonction de la distance) et suivre la tendance de la population";"Abondance absolue, nombre d'individus, surface (habitat), biomasse";"https://inpn.mnhn.fr/docs-web/docs/download/400835";"aa8799f1-1d0d-4c32-9d68-ff769435fb48";"false"
2005;"M2005";"IHA";"Indice Horaire d'Abondance (IHA)";;"https://inpn.mnhn.fr/docs-web/docs/download/174497";;"Méthode d'évaluation de l'abondance d'une population par comptage pendant une heure de déplacement libre sur une station. Les comptages obtenus sont ramenés à l’unité de temps (i.e. 1 heure), pour aboutir à un indice horaire d’abondance propre à chaque espèce (et à un indice cénotique global, toutes espèces confondues, qui est la somme des indices précédents). Cet indice permet ensuite de déterminer le nombre d’individus pour 100 m2.";"Orthoptères";"Evaluer l'abondance et la densité d'une population, suivi dans le temps";"Abondances relatives (proportion, recouvrement) non stratifiées";"https://inpn.mnhn.fr/docs-web/docs/download/400860";"f4399bfc-18a8-4c25-b1cf-abb86cb90e35";"false"
2006;"M2006";"IKA";"Indice Kilométrique d'Abondance (IKA)";"Kilometric Index of Abundance (KIA)";"https://inpn.mnhn.fr/docs-web/docs/download/400846";;"Méthode de mesure de l'abondance relative d'espèces le long d'un circuit. Trajet parcouru par l'observateur à vitesse constante, espèces rencontrées (vues, entendues ou indices de présence) notées tout comme leur position sur le transect (avec répétition). L'indice exprime le rapport du nombre total d'individus (ou d'indices de présence) observés le long d'un transect sur la longueur totale du transect parcouru sur chaque site.";"Principalement les Vertébrés (Mammifères, Oiseaux)";"Estimation de l'abondance relative d'une population permettant une comparaison de l'abondance des espèces entre différents sites et/ou à différents moments (si les recensements sont effectués à intervalles réguliers). L'IKA exprime la rapport du nombre total d'individus (ou d'indices de présence) observés le long d'un transect par le total de la longueur du transect parcouru sur chaque site.";"Abondances relatives (proportion, recouvrement) non stratifiées";"https://inpn.mnhn.fr/docs-web/docs/download/400846";"df63d867-0682-44d4-9e1f-61d10f0e205f";"false"
2007;"M2007";"ILA";"Indice Linéaire d'Abondance (ILA)";;"https://inpn.mnhn.fr/docs-web/docs/download/179030";"https://inpn.mnhn.fr/docs-web/docs/download/391739";"Méthode relative d'estimation de l'abondance d'une population. L'observateur effectue différents transects linéaires de 10 m sans recoupement sur lesquels il compte le nombre d'individus observés (sur une bande d’environ un mètre de largeur).";"Orthoptères, Coléoptères, Diptères, Lépidoptères";"Estimation de l'abondance relative d'une population et de ses variations au cours du temps.";"Abondances relatives (proportion, recouvrement) non stratifiées";"https://inpn.mnhn.fr/docs-web/docs/download/179030";"e117e737-232b-48c4-ad6f-72829c6f2b7f";"false"
2008;"M2008";"IPA";"Point d'écoute ou Indice Ponctuel d'Abondance (IPA)";"Punctual Index Abundance (PIA)";"https://inpn.mnhn.fr/docs-web/docs/download/400869";;"Méthode d'estimation de l'abondance relative d'une population et de ses variations au cours du temps. Repose sur un point d'écoute (ou d'observation) fixe de durée limitée (20 mn dans la version de Blondel 1970) sur lequel l'observateur recense l'ensemble des espèces contactées (observées et / ou entendues) sans limitation de distance, avec répétition de la session de comptage. Cette méthode a été étendue à des durées différentes de la version de Blondel (1970) et l’indice correspond au nombre moyen d'individus observés ou entendus par secteur pendant cette durée. Dans son principe cette méthode est analogue à celle des IKA (référencée au n°2006 de ce catalogue) à la différence près qu'au lieu de parcourir un itinéraire donné sur une distance de longueur connue, l'observateur reste immobile pendant une durée déterminée.";"Mammifères, Oiseaux (surtout Passereaux chanteurs)";"Estimation de l'abondance relative d'une population et ses variations au cours du temps. Permet de comparer l'abondance relative d'une espèce dans des milieux différents à condition que la détectabilité de l'espèce soit constante, comparer des IPA d'une espèce dans un même milieu plusieurs années de suite et faire apparaître une évolution en fonction de certaines variables (météorologie par exemple). Ces comparaisons se font espèce par espèce.";"Abondances relatives (proportion, recouvrement) non stratifiées";"https://inpn.mnhn.fr/docs-web/docs/download/201608";"91684177-a844-4a99-bfc9-102a79ad0d37";"false"
2009;"M2009";;"Capture-suivi (radiotracking, radiopistage, radiotélémesure)";"radiotracking";"https://inpn.mnhn.fr/docs-web/docs/download/400873";;"Méthode de localisation et suivi des déplacements des individus marqués par un émetteur radio (émetteurs d’ondes métriques (VHF), terminal de l’émetteur de la plateforme (PTT) et émetteurs satelittaires du Système de positionnement global (GPS, Argos)) et toute autre technologie ayant la même finalité (communications cellulaires, géolocalisation solaire, radar, etc.).";"Mammifères, Oiseaux, Amphibiens et reptiles mais aussi les invertébrés (certains insectes comme les bourdons)";"Mesurer les déplacements et/ou l'utilisation de l’espace par un individu (estimation de la taille du domaine vital, mise en évidence de la sélection de l'habitat). Fournit aussi des informations sur la dynamique de population (exemple : étudier les mécanismes reliant le succès de reproduction à la disponibilité en nourriture), les causes de mortalité, certains comportements, etc.";"Autres (état de santé, conservation...)";"https://inpn.mnhn.fr/docs-web/docs/download/400874";"6e361c53-4d09-44ff-8678-a4b6f5922236";"false"
2010;"M2010";;"Présence-absence, occupation de site (site occupancy)";"site occupancy, presence-absence";"https://inpn.mnhn.fr/docs-web/docs/download/400863";;"Méthode d'estimation de la probabilité de présence d'une espèce sur un site par la répétition d'observations (présence-absence) en tenant compte de sa détectabilité. Evalue la proportion de sites occupés, dont la valeur est corrigée par la probabilité de détection de l’espèce.";"Mammifères, Oiseaux, Amphibiens et Reptiles, Poissons, Insectes (Odonates), etc.";"Évaluer la répartition, la probabilité de présence d'une espèce sur un site ou encore la dynamique de population, et la tendance d’évolution d'une population sur un site en regardant la proportion de sites occupés (ou probabilité de présence) par une espèce à un temps t. Plusieurs visites sont répétées afin d’estimer la probabilité de détection, elle-même utilisée pour corriger l’estimation de la probabilité de présence. L’évolution de cette probabilité de présence au cours du temps, est un bon indicateur de la tendance des populations. Aussi utilisée pour suivre la propagation de maladies.";"Présence-absence, site occupancy";"https://inpn.mnhn.fr/docs-web/docs/download/400875";"8d5bf76c-06ae-4ae7-a176-f35e578a13b7";"false"
2011;"M2011";"EFP";"Echantillonnages Fréquentiels Progressifs (EFP)";;"https://inpn.mnhn.fr/docs-web/docs/download/400878";;"Méthode de relevé de la présence/absence des espèces basé sur le nombre de contacts (fréquences) visuels ou auditifs sur un site en un temps donné. Comme il s’agit de relevés en présence –absence, elle ne permet pas d'obtenir des densités, mais d'évaluer la richesse du peuplement. Contrairement à l’indice ponctuel d’abondance (IPA, répertorié au n°2008 de ce catalogue) et de l’Indice Kilométrique d’Abondance (IKA, répertorié au n°2006 de ce catalogue), l'Echantillonnage Fréquentiel Progressif (EFP) est une méthode qualitative, appliquée à un certain nombre de stations prédéfinies dans un milieu donné. Le terme « progressif » indique que la précision de l’information augmente avec l’intensité de l’échantillonnage (nombre de prospections aux points d’écoute).";"Oiseaux";"Analyse de la composition et de la structure des peuplements d’oiseaux dans le temps et dans l’espace par rapport à certains paramètres (végétation, altitude, etc.). Objectif, très standardisé, peu coûteux et plus simple à utiliser que la méthode des IPA, l'EFP permet de recueillir des données sur une surface plus importante, mais avec un degré d’information inférieur (niveau qualitatif uniquement). Les résultats accumulés permettent notamment d’estimer la richesse avifaunistique spécifique absolue d’un milieu donné en extrapolant la courbe du nombre d’espèces contactées en fonction du nombre de prospections. Cette méthode s'applique à tous les groupes avifaunistiques, alors que l’IPA a été développé pour les passereaux et les familles apparentées. Un sondage fréquentiel ne peut s'interpréter que collectivement avec d'autres. Ainsi, il est possible, à partir d’une matrice EFP combinée à l'IPA, d’estimer des correspondances quantitatives, et de déterminer pour chaque espèce la relation entre sa densité et sa fréquence.";"Présence-absence, site occupancy";"https://inpn.mnhn.fr/docs-web/docs/download/400878";"26be3caa-e003-4f50-ad0b-875d39113652";"false"
2012;"M2012";;"Plans quadrillés ou cartographie des territoires (densité absolue)";"method of territory or spot mapping";"https://inpn.mnhn.fr/docs-web/docs/download/400880";;"Méthode de relevé répété d'observations d'individus pendant la saison de reproduction sur une aire déterminée, de superficie réduite et adaptée à la taille du territoire connue de l'espèce recherchée, et qui soit représentative de l'habitat étudié et définie par un plan quadrillé standardisé. Appelée aussi ""méthode de cartographie des territoires d'oiseaux"". On choisit de petites parcelles (10 à 30 ha en général) lorsque l’on travaille sur de petites espèces d’oiseaux ou bien en milieu forestier, et des grandes parcelles (50 à 200 ha ou 40 à 100 ha selon les références bibliographiques) pour les espèces à vastes territoires ou dans un milieu ouvert. Cette aire est délimitée par des lignes de base balisées et mesurées ; on établit ensuite une grille de deux séries de lignes parallèles se recoupant à angles droits. Les points d'intersection sont jalonnés de manière à permettre un repérage facile de chacun des points à l'intérieur du périmètre. Les observations sont reportées sur ce plan quadrillé sur la carte, où sont évalués les territoires. Le nombre et la durée des visites ne sont ni définis, ni limités mais il est recommandé pour ce groupe de réaliser un nombre minimum de 8 visites en milieu ouvert et de 10 en milieu fermé. Cette méthode permet d'obtenir une connaissance quasi exhaustive du peuplement d’oiseaux ayant niché sur le quadrat.";"Oiseaux (Passereaux)";"Estimation d'abondance à partir des effectifs exacts de la population par unité de surface représentative de l'habitat étudié. Il suffit de multiplier ce chiffre par la surface totale du biotope pour connaître le nombre d'individus d'une espèce donnée. Si ces recensements sont repris d'année en année, l'évolution de l'abondance peut être estimée. Elle permet aussi de délimiter les territoires des différentes espèces. Elle fournit des données objectives sur leur cantonnement, leurs préférences écologiques et leur densité. Cette méthode est particulièrement difficile à appliquer, car il faut que le quadrat soit de vastes dimensions, étant donné la superficie des territoires et des domaines de la plupart des oiseaux. La méthode par la cartographie des territoires (plans quadrillés) est lente et coûteuse en temps d'observation, mais elle est très précise. Elle s’avère mieux appropriée pour étudier la distribution et/ou l’habitat d’une ou plusieurs espèces que la méthode des IPA (répertorié au n°2008 de ce catalogue) ou IKA (répertorié au n°2006 de ce catalogue). Elle n’assure pas une excellente comparabilité des résultats, car l’intensité de la prospection varie d’un site étudié à l’autre.";"Abondance absolue, nombre d'individus, surface (habitat), biomasse";"https://inpn.mnhn.fr/docs-web/docs/download/400880";"754578c1-0514-46cf-9975-bfdd062d0d5a";"false"
2013;"M2013";;"Méthode de Daget-Poissonet (points contacts, ligne contact)";;"https://inpn.mnhn.fr/docs-web/docs/download/400885";;"Méthode d'estimation de la richesse floristique linéaire utilisée pour apprécier la structure horizontale de la végétation en milieu herbacé. Appelée aussi ""méthode des points quadrats alignés"" ou du ""double-mètre"", elle consiste à effectuer des mesures sur une ligne horizontale graduée, le long de laquelle l'opérateur fait glisser une aiguille positionnée à la verticale. Le recouvrement de chaque espèce est mesuré sur chaque point disposé régulièrement le long de la ligne qui entre en contact avec une feuille ou une tige : on parle alors de points contacts (et on mesure un contact par espèce). Plusieurs variantes existent, notamment la méthode des ""points quadrats"" qui consiste à positionner les contacts non pas le long d'une ligne mais sur un réseau de fils tendus à l'intérieur d'un quadrat, et varient en fonction du matériel utilisé. La plus courante est la méthode de DAGET et POISSONET. L'échantillonnage est systématique : on determine toutes les espèces végétales présentes. La fréquence de chaque plante au niveau de chaque point permettra d'évaluer l'abondance relative des espèces, les unes par rapport aux autres.";"Flore, Habitats";"Suivi de la composition floristique et de son évolution potentielle au cours du temps. Méthode peu coûteuse qui nécessite un équipement peu encombrant. Permet d'affiner l'estimation de l'abondance relative des différentes espèces, de connaître avec précision la structure du peuplement et la répartition des espèces.";"Abondances relatives (proportion, recouvrement) non stratifiées";"https://inpn.mnhn.fr/docs-web/docs/download/400885";"a905700e-da16-409a-89e9-d24141796e92";"false"
2014;"M2014";;"Relevé phytosociologique (De Foucault-Gillet-Julve, phytosociologie synusiale intégrée)";;"https://inpn.mnhn.fr/docs-web/docs/download/401400";;"Principe de la phytosociologie, c'est-à-dire l'étude des communautés végétales reposant sur des inventaires floristiques à partir desquels peuvent être mis en évidence des ensembles d’espèces (notions de groupements végétaux, de formations végétales ou de végétations) en relation avec les conditions du milieu (sol, climat, etc). La phytosociologie synusiale intégrée s'intéresse aux synusies végétales, c'est-à-dire des communautés très homogènes du point de vue fonctionnel écologique qui regroupent des espèces qui vivent ensemble et ont des stratégies de vie similaires. Les relations entre elles sont étudiées après cette analyse fine. Cette méthode repose sur un inventaire exhaustif des espèces sur plusieurs strates. Il s'agit de lister les plantes présentes sur une surface échantillon au moins égale à l'aire minimale, représentative d'une communauté végétale floristiquement homogène correspondant à certaines conditions écologiques bien définies. Un des points cruciaux de l'approche synusiale consiste en la prise en compte des types biologiques.";"Plantes, habitats";"Déterminer la richesse spécifique, décrire les associations végétales d'un site sur plusieurs strates et ses conditions climatiques et édaphiques (espèces bioindicatrices) dans le but d’expliquer leur organisation et leur fonctionnement (processus écologiques) ; effectuer un suivi de la végétation";"Abondances relatives par strates";"https://inpn.mnhn.fr/docs-web/docs/download/401400";"4437ab45-7710-4451-8e93-402f8e6bfa28";"false"
2015;"M2015";;"Relevé phytosociologique (Braun-Blanquet, phytosociologie sigmatiste)";;"https://inpn.mnhn.fr/docs-web/docs/download/401354";;"Principe de la phytosociologie, c'est-à-dire l'étude des communautés végétales reposant sur des inventaires floristiques à partir desquels peuvent être mis en évidence des ensembles d’espèces (notions de groupements végétaux, de formations végétales ou de végétations) en relation avec les conditions du milieu (sol, climat, etc). La phytosociologie sigmatiste (relative à l’école SIGMA (station internationale de géobotanique méditerranéenne et alpine fondée à Montpellier par J. Braun-Blanquet) repose sur les associations végétales, c'est-à-dire les groupements végétaux stables et en équilibre avec le milieu ambiant caractérisé par une composition floristique déterminée dans laquelle certains éléments révèlent par leur présence une écologie particulière et autonome ; ces éléments floristiques sont des espèces caractéristiques. Il s'agit d'une démarche en deux temps qui comprend une étape analytique (une phase de terrain qui consiste à réaliser les relevés en ayant au préalable défini les aires à échantillonner), suivie d'une étape synthétique (une phase post-terrain qui consiste à structurer et analyser les données afin d'en déterminer le nom des associations végétales). Il s'agit d'une méthode de description de la végétation. Les relevés floristiques en présence-absence sont réalisés dans des quadrats ou le long de transects, à l'horizontale et à la verticale, sans notion de strate, et servent de base au calcul de différents indices (abondance-dominance, agrégation, valeur pastorale, etc.). La phytosociologie sigmatiste ne prend pas en compte la dynamique de la communauté, mais la fidélité des espèces au sein des syntaxons de base que sont les associations végétales.";"Flore, habitats";"Déterminer la richesse spécifique, décrire les associations végétales d'un site et ses conditions climatiques et édaphiques (espèces bioindicatrices) dans le but d’expliquer leur organisation et leur fonctionnement (processus écologiques) ; effectuer un suivi de la végétation";"Abondances relatives (proportion, recouvrement) non stratifiées";"https://inpn.mnhn.fr/docs-web/docs/download/401354";"2bca8eb7-dbb5-479a-ba2e-5af801386755";"false"
