"CD_PROT_ECHANTILLONNAGE";"CD_PROTOCOLE";"UNITE";"NB_UNITE";"DUREE";"TAILLE";"PASSAGES_AN";"PERIODE_AN";"PLAN_ECH";"COMMENTAIRE";"NIVEAU"
1;1;"mailles";"5879";"20h à 60h/homme par maille";"10x10 km";;"Toute l’année";;;"1"
2;2;"point d’observation (mangeoire)";"2 (séparés de 1 à 2m)";"5'";"21 x 29,7 cm";"Autant que souhaité";"15/11 au 31/03";"Subjectif/orienté";"Pour habituer les oiseaux à se nourrir sur vos mangeoires, garnissez-les de nourriture 48 heures avant de commencer l’expérience.";"1"
3;3;"Point d’écoute";;"5'";"rayon de 200m maximum";"Autant que souhaité";"01/03 au 30/06 (matinées : 30 minutes après le lever du soleil jusqu’à 12h)";"Aléatoire simple";;"1"
4;4;"Point d’écoute";;"5'";;"Autant que souhaité";"01/03 au 30/06 (matinées : 30 minutes après le lever du soleil jusqu’à 12h)";"Aléatoire simple";;"1"
5;5;"Lot";"2";;">130 m2";"1/an";"01/06 au 31/07";"Aléatoire simple";"2 lots de 5 carrés
1 m2) placés à 2 m du centre de la
prairie";"1"
5002;5;"Carré";"5/lot";;"1x1 m";;;"Systématique";;"2"
6;6;"Carré (toiture)";"1";;;"1/an";;"Subjectif/orienté";"Le relevé doit se faire le même jour que l’entretien et l’arrachage des végétaux indésirables.";"1"
7;7;"Itinéraire choisi";"1";"Journée (6h à 9h de terrain)";;"1 (dont aube)";"01/04 au 30/06";;;"1"
8;8;"Itinéraire choisi";"1";"Journée (6h à 9h de terrain)";"5 km pour chaque 50 ha";"4 passages (incluant total 6 j + 1 soir + 2 aube)";"01/04 au 15/05; 16/05 au 30/06; 01/07 au 31/07; 01/08 au 15/09";"Subjectif/orienté";"2 observateurs";"1"
8002;8;"Point d’écoute";"1 point d’écoute pour 8 à 10 ha";"10’ (5+5)";"rayon de 150 m minimum";"2 (aube)";"01/04 au 15/05 et 16/05 au 30/06";"Subjectif/orienté";;"2"
9;9;"Itinéraire choisi";"1";"30' à 1h";"<50 km";"4";"15/05 au 15/06";"Subjectif/orienté";"1 pilote, 1 observateur. Les observations sont réalisées soit le matin soit le soir, dans les
2 heures qui suivent l’aube ou qui précèdent le crépuscule.";"1"
10;10;"Itinéraire choisi";"Indéfini";"2h à 3h maximum";;"4 au minimum";"01/06 au 31/08";"Subjectif/orienté";"1 observateur, 1 accompagnateur.";"1"
11;11;"Itinéraire choisi";"minimum 3 km de circuit pour 100 ha.";"2h à 3h maximum";"5 à 7 km";"4 au minimum (2 à l’aube et 2
au crépuscule)";" mars (ou avril en montagne)";"Subjectif/orienté";;"1"
12;12;"Itinéraire choisi";"minimum 2 km de circuit pour 100 ha";"2h à 3h maximum";"25 à 30 km";"4 au minimum (2 à l’aube et 2
au crépuscule)";"mars (ou avril en montagne)";"Subjectif/orienté";"2 personnes";"1"
13;13;"Itinéraire choisi";"minimum 3 km de circuit pour 100 ha";"2h à 3h maximum";"30 à 35 km";"4";"fin hiver-début printemps";"Subjectif/orienté";"4 personnes";"1"
14;14;"Secteur";"suffisament pour ’assurer une couverture homogène et représentative de
la zone";"2h à 3h";;"4 au minimum, 8 idéalement";"15/05 au 15/06";"Subjectif/orienté";"2 personnes";"1"
14002;14;"Point d’observation";"3 ou 4";"15'";;;;"Subjectif/orienté";;"2"
15;15;"Itinéraire choisi";;"2h à 3h maximum";;;" entre mars et ma";"Subjectif/orienté";"2 personnes. Chaque circuit est répété jusqu’à ce qu’au moins 30 groupes de
bouquetins soient détectés sur l’ensemble des sorties et des
circuits.";"1"
17;17;"Grille";"1";;;"1/an";;"Systématique";;"1"
17002;17;"Rectangle (maille)";"5";;"2 km2";"2 cycles/an";;"Aléatoire simple";;"2"
17003;17;"Points/transectes";"environ 7 000 points au total/an";;"12m";"1/an. Point revisité tous les 5 ans";;"Aléatoire simple";;"3"
18;18;"Grille";"1";;;"1/an";;"Systématique";;"1"
18002;18;"Rectangle (maille)";"5";;"2 km2";"2 cycles";;"Aléatoire simple";;"2"
18003;18;"Points/transecte";"environ 7 000 points visités chaque année";;"12 m";"1/an. Point revisité tous les 5 ans";;"Aléatoire simple";;"3"
19;19;"Rectangle (grille)";"3";;"50 cm2 (5 carrés alignés de 10x10 cm)";"Autant que souhaité";"Toute l’année";"Subjectif/orienté";"Sur 3 arbres espacés de 2 à 10m, grille placée à 1m du sol.";"1"
20;20;"Rectangle (grille)";"3";;"50 cm2 (5 carrés alignés de 10x10 cm)";"Autant que souhaité";"Toute l’année";"Subjectif/orienté";"Sur 3 arbres espacés de 2 à 10m, grille placée à 1m du sol.";"1"
22;22;"Transect";;"2 à 3h";"<2km";"idéalement 1/jour";"01/04 au 30/09";"Subjectif/orienté";"1 observateur";"1"
22002;22;"Ligne";"15 maximum/transecte";;"100 à 200m";;;"Systématique";;"2"
25;25;"Transect";"Doit concerner 10% des mailles à minima pour chaque
département.";"2h";"3 à 4 km";"2";"01/12 au 31/01";"Subjectif/orienté";"Transect déterminé à l’intérieur d’un carré échantillon de 2x2 Km situé au centre de chaque maille atlas 10
x10 Km.";"1"
26;26;"Point d’observation (nichoir)";"2";"5' à 10'";;"1/mois au mimimum";"mars à octobre";"Subjectif/orienté";;"1"
27;27;"Carré (placette)";"3";"3h (1h par m2)";"1 m2";"Tous les 3 ans";"01/01 au 15/03 (sud) ou 15/04 (nord). Matin";"Subjectif/orienté";"Placettes en ligne, espacées de 2 à 6m.";"1"
28;28;"Carré (planche)";"3";"15' à 30'";"30x50 cm";"1/mois";"mars à novembre. Matin";"Subjectif/orienté";"Planches espacées de 50m.";"1"
29;29;"Transect";"1";"10'";"100 à 300 m";"3 à 5/an";"01/05 au 30/09. Entre 11h et 17h.";"Subjectif/orienté";;"1"
30;30;"Carré (planche)";"1 ou plus";;;"3/an";"mars à octobre";"Subjectif/orienté";;"1"
31;31;"Carré (planche)";"1 ou plus";;;"3/an";"mars à octobre";"Subjectif/orienté";;"1"
32;32;"Point d’observation (jardin/balcon);";"1";"5'";;"1/semaine ou plus";"Toute l’année";"Subjectif/orienté";;"1"
33;33;"Point d’observation (jardin/balcon)";"1";;;"1/semaine ou plus";"Toute l’année";"Subjectif/orienté";;"1"
34;34;"Itinéraire";"1/maille (179 mailles)";"3h30 (± 20')";"2,5 km";"3";"20/04-7/05 au 20/07-15/08 (phase 1); 08/05-01/06 au 16/08-05/09 (phase 2); 02/06-20/06 au 06/09-25/09 (phase 3)";"Systématique";"Parcours au sein de chaque maille 2x2 Km";"1"
34002;34;"Cercle";"8/maille";"Se termine lorsque 2-3min s'écoulent sans détection de nouveaux taxons.";"10 m2";"3";"20/04-7/05 au 20/07-15/08 (phase 1); 08/05-01/06 au 16/08-05/09 (phase 2); 02/06-20/06 au 06/09-25/09 (phase 3)";"Systématique";;"2"
35;35;"Carré";"3";"15' x 3 arrosages par carré";"1 m2";;"janvier à avril. Matin";"Subjectif/orienté";"3  zones d’échantillonnage de 1 m² espacées deux à deux de 6 mètres et situées à au moins 10 m du bord du champ, en ligne.";"1"
36;36;"Carré";"3";"15' (x 2 arrosages par carré)";"1 m2";;" janvier à avril";"Subjectif/orienté";"3  zones d’échantillonnage de 1 m² espacées deux à deux de 6 mètres et situées à au moins 10 m du bord du champ, en ligne.";"1"
37;37;"Bloc de sol";"3";;"25 x 25 x 20 cm";;"Janvier – Avril";"Subjectif/orienté";"Bloc de sol extrait au centre de chacune des 3 placettes de 1 m² espacées de 6m.";"1"
38;38;"Panier";"4 (dont 1 témoin)";"10' à 15'";"30x50x10 cm";"Tous les 15 jours";"octobre à mars";"Subjectif/orienté";"4 paniers en ligne espacées de 1 m";"1"
39;39;"Bloc de sol";"6";"30' à 45' par bloc";"20 x 20 x 25 cm";;"janvier à avril";"Subjectif/orienté";;"1"
41;41;"Aire échantillon";"1";"3h à 4h maximum";;"3";"01/02 au 01/07";"Subjectif/orienté";;"1"
41002;41;"Site aquatique";"3 à 10 / aire";"10' à 15' pour 50-100 m2 + 5' de point d'écoute";;;;"Subjectif/orienté";;"2"
42;42;"Tronçon";"20/aire";"<4h au total par aire";"30m minimum";"3";;"Subjectif/orienté";"La période la plus favorable pour détecter les larves de salamandre dans les cours d’eau
dépend des régions.";"1"
43;43;"Aire échantillon";;"3h à 4h";;"3";"avril-mai";"Subjectif/orienté";"3 à 10 sites aquatiques par aire";"1"
43002;43;"Point d’échantillonnage";"Dépend du nombre et taille des sites échantillonnés";"2h à 3h ou 1 soirée";;;;"Systématique";"Points d'échantillonnage espacés de 10m.";"2"
46;46;"Aire";;"3h à 4h maximum";;"3";"avril-mai";"Subjectif/orienté";"3 à 10 sites aquatiques par aire";"1"
46002;46;"Point d’échantillonnage";" 1 nasse dans les
très petits sites < 10 m², 3 nasses par site > 10 m² < 100 m², 3 nasses par segments de site >
100 m²";"2h à 3h ou 1 soirée";;;;"Subjectif/orienté";"Points d'échantillonnage espacés de 10m.";"2"
49;49;"Transect";"1 à 5 /aire";;"60 à 150m";"6 (minimum)";"mars à juin";"Subjectif/orienté";" Transects de quatre plaques espacées de 20 à 50m";"1"
50;50;"Transect";"1 à 5 /aire";;"60 à 150m";"6 (minimum)";"mars à juin";"Subjectif/orienté";"Tous les ans. Déplacer les transects au sein des sites suivis tous les 2 ans.";"1"
51;51;"Transect";">10 par site";;"60 à 150m";;"mars à juin";"Subjectif/orienté";"Transects espacés de 50m au minimum.";"1"
52;52;"Unité de capture";"Autant que possible";"6h";"36 m (3 filets alignés de 12 m)";"10j/an minimum";"Juillet à octobre, en migration post-nuptiale";"Subjectif/orienté";;"1"
53;53;"Carré";"2";"2h";"2x2 m";"minimum 1";"mai-juin et septembre-octobre";"Subjectif/orienté";;"1"
54;54;"Points d'échantillonnage";"maximum 10/aire d'étude";"5' d'écoute puis placer les pièges pour la nuit";;"3 sessions";"février à mars; mai; juillet.";"Subjectif/orienté";"1 point d'échantillonnage correspond à un lot de 3 Amphicapts séparés de 5m et 1 point d'écoute.";"1"
55;55;"Transect";"3/habitat";"1h/habitat";"150m";"6";"avril à juin";"Subjectif/orienté";"3 transects de 4 plaques espacées de 50 m.";"1"
56;56;"Piège";"2 (espacés de 20 à 30m)";;;"tous les 15j, pendant 3 ans minimum";"mai à juillet";"Subjectif/orienté";;"1"
57;57;"Transect";"20/maille";" 5 à 12h/maille";"100 m";"1";"printemps-été";"Subjectif/orienté";"Maille 10x10 km subdivisée en 25 carrés de 2x2 km. Dans chaque
maille 10x10 km, 20 transects sont positionnés, chacun dans un carré de 2x2 km
différent.";"1"
58;58;"Aire d'échantillonnage (mare)";;"1h à 1h30";;"2";"printemps et automne";"Subjectif/orienté";;"1"
59;59;"Itinéraire choisi (patrouille)";;;;"tous les 2j minimum";"Toute l’année";"Subjectif/orienté";"2 personnes (conducteur et observateur)";"1"
60;60;"Placette";"30";"5' à 15'";;"1 ou 2 pour les macrophytes aquatiques, 1/semaine pour les odonates.";"mai à septembre";"Stratifié";;"1"
61;61;"Placette";"1/ha (recommandé)";"8 placettes/j";">20m de rayon";;;"Systématique";"2 personnes au minimum. Dans le cas des « grandes » réserves, il convient au préalable d’examiner l’intérêt de procéder à un découpage du domaine d’inventaire en strates.";"1"
62;62;"Placette";"1/ha (recommandé)";"8 placettes/j";">20m de rayon";;;"Systématique";"2 personnes au minimum. Dans le cas des « grandes » réserves, il convient au préalable d’examiner l’intérêt de
procéder à un découpage du domaine d’inventaire en strates.";"1"
63;63;"Point d'échantillonnage";">20";"4h/observateur pour 15 à 20 points";"150 m de rayon d'observation";"3 ou 4";"décembre à fin mars";"Aléatoire simple";;"1"
64;64;"Placette";"100/transect";"1'";"0,5 m2";"1";"floraison de l'espèce";"Subjectif/orienté";"Les placettes sont disposées le long de transects qui traversent l’Aire de Présence de façon à représenter au mieux la variabilité de l’espèce au sein de la station. 2 transects au minimum.";"1"
65;65;"Zone de recensement";"1";"Journée";"Unité géographique sur laquelle vit la totalité de la population.";;"juin-juillet";"Subjectif/orienté";" Il faut mobiliser le plus souvent un très
grand nombre de participants.";"1"
66;66;"Carré";"30 au minimum";"2h pour 30 relevés";"25x25 cm";"1";"septembre";"Subjectif/orienté";"Le long d'un transect de direction connue, des quadrats sont placés tous les 2 à 5 m. (suivant la configuration de la roselière, plusieurs
petits transects peuvent être réalisés au lieu d'un seul.";"1"
69;69;"Carré ou cerlce";" 8 + (n - 8)/2 (pour un parc à n éoliennes)";"30' à 45'";"100x100 m ou rayon de 50 m";"20 (minimum)";"mi mai à octobre";"Aléatoire simple";;"1"
70;70;"Carré";"20";"5'";"2 à 3 cm de profondeur, 33x33 cm";"1";"juin- début juillet";"Subjectif/orienté";;"1"
71;71;"Point d’échantillonnage (apât)";"100 (70 au minimum)";"30' (x2 relevés séparés d'1h)";"rayon de 10cm";"2 relevés sur 1j";" 15/04 au 15/07";"Subjectif/orienté";"Les appâts sont placés à 4 m en transects.";"1"
72;72;"Carré";"1 pour chaque maille 10x10km";"6 à 8h";"5x5 km";;"15/04 au 15/10";"Systématique";;"1"
73;73;"Transect";;"4h";"8 km";"2 (1 au milieu et 1 ç la fin de la saison humide)";"saison des pluies";"Subjectif/orienté";;
74;74;"Placette";"213";"1h30 maximum";"20 m de rayon";"1";"automne";"Aléatoire simple";"2 personnes. 4 à 6 placettes/j";"1"
75;75;"Point d'écoute";"25 points par carré de 25 km2";"8'";"500 m de rayon de détection";"2";"1/02 au 01/03 ou 15/02 au 15/03 (1er passage); 15/05 au 15/06 (2e passage)";"Systématique";"2007 carrés centraux répartis en France, 25 points d'écoute répartis tous les km au sein de chaque carré. La réalisation de la totalité
des points d’écoute d’un carré demande 2 à 3 soirées par passage.";"1"
76;76;"Transect";"1";"10'";"100 à 300 m";"3";"01/06; 05/07; 10/08";"Subjectif/orienté";;"1"
77;77;"Point d'échantillonnage (filet)";;;;"1/semaine, 10 semaines";"Période de migration des espèces-ciblées.";"Subjectif/orienté";"Il est recommandé de maintenir à l’identique la pression de capture (nombre de dispositifs de capture, durée de session) et le type de pièges utilisés au sein d’une période de migration.";"1"
78;78;"Point d'échantillonnage (filet)";">10/station";;;">10j consécutifs";"Période de migration des espèces-ciblées.";"Subjectif/orienté";"Il est recommandé de maintenir à l’identique la pression de capture (nombre de dispositifs de capture, durée de session) et le type de pièges utilisés au sein d’une période de migration.";"1"
79;79;"Point d'échantillonnage (filet)";"3/ligne, 3 lignes";"4h par session";"12m";"1/semaine (minimum)";"01/10 au 30/11";"Subjectif/orienté";"3 lignes de 3 filets de 12 m";"1"
81;81;"Site (nichoirs)";"20";;;"suivre la zone sur 5 ans.";"avril à septembre";"Subjectif/orienté";;"1"
84;84;"Itinéraire aléatoire";"1/habitat";"demi-journée pour 2ha avec 2 personnes";;"1 à 3";"septembre à décembre";"Aléatoire simple";"2 ha par mycologue pour une demi-journée de prospection.";"1"
87;87;"Point d'échantillonnage (filet)";"5/ha";"6h par session (de l'aube à 12h)";"12 m";"3 (minimum)";"mi-mai à début juillet";"Subjectif/orienté";;"1"
88;88;"Point d'échantillonnage (filet)";"5/ha";"6h par session (de l'aube à 12h)";"12 m";"Avant/après l’action de gestion";"mi-mai à début juillet";"Subjectif/orienté";;"1"
89;89;"Point d'échantillonnage (filet)";"10 (6 filets sur 1 diagonale, et 4 filets sur l’autre diagonale)";"6h par session (de l'aube à 12h)";"12 m";"Avant/après l’action de gestion";"mi-mai à début juillet";"Subjectif/orienté";;"1"
91;91;"Point d'échantillonnage";"1 à 2/habitat";"10' d'écoute+20' de pêche";;"3";"15/02 au 15/03 (passage 1); 15/04 au 15/05 (passage 2); 01/06 au 30/06 (passage 3)";"Stratifié";;"1"
91002;91;"Itinéraire choisi";"1";"Parcouru lentement+5' de pause à mi-parcours";"50 m";"1";"15/04 au 15/05";"Subjectif/orienté";"Recherche à la torche";"2"
92;92;"Transect";"1 à 3 transects par site";"1,5j/site";;;;"Subjectif/orienté";;"1"
92002;92;"Carré (placette)";"5 à 20/transect";;"1 m2 (voire 0.25 m2)";"1";;"Systématique";;"2"
93;93;"Point d’observation ou transect";"3/site (minimum), idéalement 6";"6' (minimum)";"5 à 10 m de rayon / ou transect de 25 m de long";"2 à 3";"mai à septembre (selon site)";"Subjectif/orienté";"Les relevés se réaliseront entre 10h et 16h.";"1"
94;94;"Placette";;"1 à 2h";"1 ha";"3";"juin à septembre";"Subjectif/orienté";;"1"
95;95;"Transect (trottoir choisi)";"1";;;"Autant que souhaité";"printemps";"Subjectif/orienté";;"1"
96002;96;"Transect";"10/carré";"10'";"250 à 350 m";"2";"01/12 au 31/12 (passage 1); 01/01 au 31/01 (passage 2)";"Subjectif/orienté";"Le site de comptage est un carré de 2x2 km tiré au sort aléatoirement par l’équipe du CESCO au Muséum, dans un rayon de 10km autour de la commune indiquée par l’observateur.";"2"
97;97;"Point (fleur)";"1";"20'";;"Autant que souhaité";"Toute l’année";"Subjectif/orienté";;"1"
98;98;"Site";;"30' (minimum)";;"3/session, 2 à 3 sessions/an";"avant le 15/06; 16/06 au 31/07; après le 01/08";"Subjectif/orienté";;"1"
99;99;"Carré";;;"2x2 km";;;"Aléatoire simple";"1 carré prioritaire + 1 carré de substitution (les 2 peuvent être relevés)";"1"
99002;99;"Point (EPS)";"10";"5'";"rayon de détection";"2/an";"(si précoce : 03)
01/04 au 08/05
09/05 au 15/06
(si altitude : charnière au 15/05)";"Subjectif/orienté";"Tous les points sont à effectuer le même jour et dans le même ordre.
+ contraintes sur l’horaire";"2"
100;100;"Carré";;;"2x2 km";;;"Aléatoire simple";;"1"
100002;100;"Transect";"5 à 15";"10'";"50 à 400 m";"4/an (selon dispo)";"Mai à août
(voire avril à octobre)";"Subjectif/orienté";;"2"
102;102;"Carré";;;"2x2 km";;;"Aléatoire simple";"Dans un rayon de 10 Km autour de
l’habitation de l’observateur";"1"
102002;102;"Point";"10";"6'";;"2";"fin Juin-juillet et Août- Septembre";"Subjectif/orienté";;"2"
103;103;"Carré";;;"2x2 km";;;"Aléatoire simple";"Attribué par le MNHN, tirés aléatoirement à proximité de la commune demandée par l’observateur.
l’habitation de l’observateur";"1"
103002;103;"Point";"1 à 10";"nuit";;"2";"15/06 au 31/07; et 15/08 au 31/09";"Systématique";;"2"
104;104;"Carré";;;"2x2 km";;;"Aléatoire simple";"Dans un rayon de 10 Km autour de
l’habitation de l’observateur";"1"
104002;104;"Itinéraire choisi";"1";"1h à 1h30";"30 km";"2";"fin Juin-juillet et Août- Septembre";"Aléatoire simple";"L'itinéraire est divisé en tronçons de 2 km, alternant avec des tronçons de 1 Km. Seuls les tronçons de 2Km seront échantillonnés.";"2"
104003;104;"Tronçon";"10";;"2 km";;;"Systématique";"Rouler à une vitesse constante de 25± km/h.";"3"
105;105;"Carré";;;"1x1 km";;;"Systématique";;"1"
105002;105;"Placette (rectangle)";"8";;"10 m2";"1";"juin à août, selon région";"Systématique";;"2"
112;112;"Tronçon (transect)";"1 à 5 (selon taille de la zone à prospecter)";;"700 m";"3 (minimum)";"juillet à octobre (préférentiellement), ou mi-janvier à mi-mars secondairement";"Subjectif/orienté";;"1"
112002;112;"Section (transect)";"2/tronçon";;"200 m";;;"Systématique";"Deux sections à prospecter, séparées de 300 m, en évoluant de l’aval vers l’amont.";"2"
121;121;"Carré ou cercle";"1/éolienne";;">1 ha";"tous les 3j";"fin-février à avril; et mi=août à novembre";"Systématique";"Il  est conseillé de rechercher sous toutes les éoliennes car sur certains parcs, seules certaines éoliennes peuvent être mortifères.";"1"
122;122;"Transect";"20/région agricole";;"400 m";;"mars à mai";"Systématique";"Transects placés à proximité de sentier et distant d’au moins 3 km les uns des autres.";"1"
122002;122;"Dispositif (tunnels à traces, appareils photographiques, tubes capteurs de poils)";"5/transect";;;"1/jour";;"Systématique";;"2"
136;136;"Carré (placette)";">150, 1/30ha";"1 à 5'";"1 m2; 1,20 m de hauteur";;"mars-avril en plaine, mai-juin en montagne";"Systématique";;"1"
137;137;"Placette";"50/parcelle";"1 à 5'";"12,5 m2";;"01/10 au 30/11";"Systématique";;"1"
138;138;"Individu (bichette)";"30";;;;"15/11 à fin février";"Aléatoire simple";"Les tractus génitaux des bichettes sont intégralement collectés au plus près de la mort de l’animal, dans des conteneurs étanches";"1"
139;139;"Individu (ongulé)";">30";;;;"saison de chasse";"Aléatoire simple";"La pesée est réalisée idéalement sur la totalité des jeunes animaux prélevés sur l’unité de gestion";"1"
140;140;"Individu (ongulé)";">30";;;;"saison de chasse";"Aléatoire simple";"La mesure est réalisée idéalement sur la totalité des maxillaires inférieurs des jeunes animaux prélevés sur l’unité de gestion";"1"
141;141;"Individu (cerf)";">30";;;;"saison de chasse";"Aléatoire simple";"La LD est mesurée idéalement sur la totalité des daguets prélevés sur l’unité de gestion";"1"
142;142;"Individu (chevreuil)";">30";;;;"saison de chasse";"Aléatoire simple";"La LPA est mesurée idéalement sur la totalité des chevrillards prélevés sur l’unité de gestion";"1"
143;143;"Transect";"4";;"600m";;"septembre à mai";"Subjectif/orienté";"Choix de 4 points de prospection au sein de mailles 10x10 km du réseau Lambert 93 (L93 10x10 km). Prospection de 600 m de rives à partir du point.";"1"
147;147;"Itinéraire choisi";;"5' à 10' x 4 (au total 20' minimum)";;"tous les 15 j";"à partir du début de la floraison du Prunelier au printemps jusqu’au 15/09";"Subjectif/orienté";"Si aucune nouvelle espèce n’est observée pendant 15 min après la dernière période de 5 minutes durant laquelle la dernière espèce a été observée, il arrête sa session de Chronoventaire.";"1"
148;148;"Placette";;;;;;"Systématique";" Une équipe de 2 observateurs réalise en moyenne une dizaine de placettes de 20 arbres par jour.";"1"
148002;148;"Individu (arbre)";"20 à 50/placette";;;;;"Subjectif/orienté";;"2"
149;149;"Tronçon";;;"100 m";"1";"15/06 au 31/08";"Subjectif/orienté";;"1"
149002;149;"Unité de relevé";"2/ tronçon";;"somme=100m";;;"Subjectif/orienté";"L’unité de relevé est un ensemble de faciès regroupés selon leur caractère «lent» ou «rapide»";"2"
150;150;"Transect ou point";;"30' (transect), 20' (point)";;;"Toute l'année";"Subjectif/orienté";;"1"
151;151;"Transect";"1";"30' environ";"500m";"1/semaine, 6/an";"juin-juillet";"Subjectif/orienté";"A relever aussi l’état de l’habitat dans un rayon de 200 m autour du transect.";"1"
153;153;"Point";"20/zone";;;;;"Subjectif/orienté";;"1"
154;154;"Carré (maille)";"n";;"250x250 m";"4";"15/05 au 15/08";"Aléatoire simple";;"1"
154002;154;"Transect";"1/carré";;"100 m (minimum)";;;"Systématique";"Les exuvies doivent être ramassées le long d’un transect suivant la ligne d’eau sur l’intégralité de la berge incluse dans la maille sélectionnée. Le transect est scindé en sections homogènes de longueur minimale 15m.";"2"
155;155;"Point d'écoute";;"1 série de chants = chant 30s, écoute 1', chant 1', écoute 1', chant 90s,  écoute 90s";"500 m de rayon";"2";"février à fin avril";"Subjectif/orienté";"Stopper la diffusion dès qu’on obtient une réponse.";"1"
156;156;"Site";"2 (minimum)";;"200 ha";;;"Subjectif/orienté";"Sites distants de plus de 5km";"1"
156002;156;"Point";"5";"10'";"10m de rayon";"2 (espacés de 15j)";"printemps";"Subjectif/orienté";"Points positionnés sur un transect, espacés de 500m";"2"
157;157;"Carré (maille)";;"journée";"2x2 km";;;"Aléatoire simple";;"1"
157002;157;"Point d'écoute";"8/maille";"15'";"1 point/carré de 500x500m";"2";"01/03 au 15/04";"Systématique";;"2"
159;159;"Aire échantillon";"1";"3h à 4h";;;;"Subjectif/orienté";;"1"
159002;159;"Site aquatique";"3 à 10 / aire";"10' à 15' pour 50-100 m2 + 5' de point d'écoute";;"3";"01/02 au 01/07";"Subjectif/orienté";;"2"
160;160;"Aire échantillon";"1";"3h à 4h";;;;"Subjectif/orienté";;"1"
160002;160;"Site aquatique";"3";;;"3";;"Subjectif/orienté";"3 passages sur 15j. La période  la plus favorable pour détecter les pontes et adultes de crapauds dans les points d’eau dépend des régions.";"2"
161;161;"Aire échantillon";"1";"3h à 4h";;;;"Subjectif/orienté";;"1"
161002;161;"Site aquatique";"3";;;"3";;"Subjectif/orienté";"3 passages sur 15j. La période  la plus favorable pour détecter les pontes et adultes dans les points d’eau dépend des régions.";"2"
162;162;"Aire échantillon";"1";"3h à 4h";;;;"Subjectif/orienté";;"1"
162002;162;"Tronçon";"20 (minimum)";;"30 m";"3";"saison de reproduction";"Subjectif/orienté";"1 semaine entre les passages.";"2"
163;163;"Aire échantillon";"1";"3h à 4h";;;;"Subjectif/orienté";;"1"
163002;163;"Tronçon";"20 (minimum)";;"30 m";"3";"saison de reproduction";"Subjectif/orienté";"1 semaine entre les passages. La période la plus favorable pour détecter les adultes de salamandre en phase terrestre dépend des régions.";"2"
164;164;"Aire échantillon";"1";"3h à 4h";;;;"Subjectif/orienté";;"1"
164002;164;"Tronçon";"20 (minimum)";;"30 m";"3";"saison de reproduction";"Subjectif/orienté";"3 passages sur 1 semaine. La période la plus favorable pour détecter les larves et adultes d’euproctes dans les cours d’eau dépend des régions.";"2"
166;166;"Placette (cercle)";"1/ha";"10 à 15'";"0,2 ha";;;"Systématique";"surface totale = 2,5 ha minimum.";"1"
167;167;"Polygone (tout le peuplement)";;"15 à 20'/ha";;;;"Subjectif/orienté";"Tout le peuplement est parcouru de manière homogène, en virées régulières réparties selon le relief.";"1"
168;168;"Itinéraire choisi";"1/peuplement";"15 à 20'/ha";"au moins 15 % du
peuplement et au moins 1 ha.";;;"Systématique";;"1"
169;169;"Placette (cercle)";"5 à 7/peuplement";"15 à 20'/ha";"1 ha";;;"Systématique";;"1"
170;170;"Itinéraire choisi";;"5 km/h";"25 m (minimum), sur une distance maximale de 10m vers l'intérieur du plan d'eau et jusqu'à une profondeur de maximum 2m";"1";"printemps ou été";"Systématique";"Le protocole prévoit l'échantillonnage du plan d'eau dans son intégralité.";"1"
171;171;"Itinéraire choisi";;"5 km/h";"5m (minimum), s'étend de 1m au-dessus et jusqu'à 5m au-dessous de l’interface terre-eau.";"1";"printemps ou été";"Systématique";"Le protocole prévoit l'échantillonnage du plan d'eau dans son intégralité.";"1"
172;172;"Point d'échantillonnage";"3/profondeur";;"1000 cm2";"1";"pendant la période estivale durant laquelle le développement des mollusques est optimal.";"Subjectif/orienté";"Les prélèvements sont réalisés à 3 hauteurs d'eau différentes.";"1"
173;173;"Point d'échantillonnage";"10 (5 sur substrat minéral dur, 5 sur les tiges de macrophytes).";;;;"période précisée dans la norme XP T90-328";"Aléatoire simple";;"1"
175;175;"Point";"3/lieu";;"0,26 m²  (intertidal); 0,9 m² (subtidal)";"3 passages, 3 prélèvements/passage";"15/02 au 30/04 (MEC); 01/09 au 31/10 (MET)";"Subjectif/orienté";"Distance entre le centre du lieu et le centre du passage d'au moins 200m.";"1"
176;176;"Station";"1 à 3/masse d'eau";;;;"février à mai (Manche et Bretagne);  août - septembre (Nouvelle-Aquitaine).";"Subjectif/orienté";;"1"
176002;176;"Point";"3/station";;;;;"Subjectif/orienté";;"2"
176003;176;"Carré";"2/point";;"0,1 m² (ou 2x 0,04m2)";;;"Aléatoire simple";;"3"
177;177;"Polygone";;;;"1";"printemps/début d' été à l'automne";"Aléatoire simple";"surface rattachée à l’habitat";"1"
177002;177;"Placette (carré)";;;"10 m2";;;"Aléatoire simple";;"2"
178;178;"Polygone";;;;"1";"août-septembre";"Aléatoire simple";"surface rattachée à l’habitat";"1"
178002;178;"Placette (carré)";"1/polygone";;"1 à 10 m2";;;"Aléatoire simple";;"2"
179;179;"Polygone";;;;"1";"avril/juin (méditerranée); mars/avril (Atlantique)";"Aléatoire simple";"surface rattachée à l’habitat";"1"
179002;179;"Placette (carré)";"1/polygone";;"3 à 25 m2";;;"Aléatoire simple";;"2"
180;180;"Polygone";;;;"1";"juillet pour les mares et mouillères; août/septembre pour les grandes étendues d’eau";"Aléatoire simple";"surface rattachée à l’habitat";"1"
180002;180;"Placette (carré)";"1/polygone";;"1 à 10 m2";;;"Aléatoire simple";;"2"
181;181;"Polygone";;;;"1";"juin en plaine, juillet en altitude";"Aléatoire simple";"surface rattachée à l’habitat";"1"
181002;181;"Placette (carré)";"1/polygone";;"1 à 10 m2";;;"Aléatoire simple";;"2"
182;182;"Polygone";;;;"1";"début d’été à l'automne";"Aléatoire simple";"surface rattachée à l’habitat";"1"
182002;182;"Placette (carré)";"1/polygone";;"10 m2";;;"Aléatoire simple";;"2"
183;183;"Polygone (habitat)";;;;;"au printemps et à la fin de l’été";"Aléatoire simple";;"1"
183002;183;"Station (lagune)";;"30'";;;;"Stratifié";;"2"
184;184;"Polygone";;;;"1";"mai/début juin";"Aléatoire simple";"surface rattachée à l’habitat";"1"
184002;184;"Placette (carré)";"1/polygone";;"3 m2";;;"Aléatoire simple";;"2"
185;185;"Transect";">10/1000ha";;"50m de largeur; longeur variable (plusieurs dizaines de m à plusieurs centaines de m).";"1";"mai-juin";"Systématique";"Distance de 500 à 1000m entre les transects.";"1"
185002;185;"Placette";"> 1 à 3/transect (selon type de dune)";;"15-20 m²";"1";"mai-juin";"Subjectif/orienté";"Echelle de la placette pour les indicateurs de : composition floristique ; composition faunistique ;  recouvrement de la strate herbacée.";"2"
186;186;"Placette (cercle)";;;"1250 m² (cercle de 20m de rayon)";;;"Aléatoire simple";;"1"
187;187;"Polygone";;;;;;"Subjectif/orienté";" polygone d’habitat";"1"
187002;187;"Placette ou transect";"1/polygone";;"5x5m à 15x15m";;;"Aléatoire simple";;"2"
188;188;"Polygone";;"10'";;"2";" première fois dans la deuxième quinzaine de mai, deuxième fois avant la fauche pour les prairies et dans la deuxième quinzaine de juin.";"Subjectif/orienté";" pour les indicateurs lépidoptères diurnes.";"1"
188002;188;"Point (piège)";"2 à 4";;"30x30cm";;"mai à juin (méditerranée); août à 
septembre (atlantique et continental); juin à juillet (alpine montagnarde).";"Subjectif/orienté";" pour l'évaluation du critère ‘gros coléoptères exigeants’";"2"
189;189;"Polygone";;;;;;"Subjectif/orienté";" polygone d’habitat";"1"
189002;189;"Placette ou transect";"1/polygone";;"5x5m à 15x15m";;;"Aléatoire simple";;"2"
190;190;"Polygone";;;;;;"Subjectif/orienté";" polygone d’habitat";"1"
190002;190;"Placette ou transect";"1/polygone";;"5x5m à 15x15m";;;"Aléatoire simple";;"2"
193;193;"Tronçon";"10 au minimum";;"500m de long, 100m de large";;;"Aléatoire simple";;"1"
194;194;"Transect";"20/habitat";;"10 m";"2 semaines";"15/07 au 08/08";"Subjectif/orienté";;"1"
194002;194;"Point";;;"5 cm de rayon";;;"Systématique";"Espacés de 50 cm, alignés sur le transect";"2"
195;195;"Carré (placette)";;;"10x10 m";;;;;"1"
196;196;"Polygone";;;;;;"Subjectif/orienté";;"1"
196002;196;"Placette";;;;;;"Subjectif/orienté";;"2"
196003;196;"Point de relevé";;;"5x5m, ou 50cm de rayon";;;"Subjectif/orienté";;"3"
197;197;"Rectangle (grille)";"3";;"50 cm2 (5 carrés alignés de 10x10 cm)";"Autant que souhaité";"Toute l’année";"Subjectif/orienté";"Sur 3 arbres espacés de 2 à 10m, grille placée à 1m du sol.";"1"
198;198;"Point (fleur)";"100";;;;;;;"1"
199;199;"Transect";;"à une vitesse constante : 20 m/min environ";"60 à 150 m";"6/transect, sur 1 à 2 mois";"entre mars et juin. Tous les 2 ans.";"Subjectif/orienté";" La zone d’observation est de l’ordre de 2 m de part et d’autre du transect.";"1"
199002;199;"Plaque";"4/transect";;"100x50 cm ou 80x80 cm";;;"Systématique";"tous les 50m";"2"
200;200;"Transect";;"à vitesse constante d’environ 20 m/min";"60 à 150 m";"6/transect, au moins 1 fois par an, au moins sur 2 ans";"mars à juin";"Subjectif/orienté";" La zone d’observation est de l’ordre de 2 m de part et d’autre du transect.";"1"
200002;200;"Plaque";"4/transect";;"100x50 cm ou 80x80 cm";;;"Systématique";"tous les 50m";"2"
201;201;"Transect";">10";"à vitesse constante d’environ 20 m/min";"60 à 150 m";"6/transect, au moins 1 fois par an, au moins sur 2 ans";"mars à juin";"Subjectif/orienté";"Sur chaque transect, les habitats environnants (définis ici comme étant des parcelles de 30 m de large de part et d’autre du transect) doivent être renseignés.";"1"
201002;201;"Plaque";"4/transect";;"100x50 cm ou 80x80 cm";;;"Systématique";"tous les 50m";"2"
204;204;"Carré (maille)";;;"10x10 km";"3";"Inventaires complémentaires : 1 passage tardif ½ journée 15/août au 30/09; 1 passage  précoce vernal année n+1 01/04 au 01/05";"Systématique";;"1"
204002;204;"Carré (maille)";"1/maille 10x10km";"Journée";"5x5 km";"1";"15/05 au 31/07";"Subjectif/orienté";;"2"
204003;204;"Itinéraire choisi";"1/carré 5x5km";;"5 Km environ";;;"Subjectif/orienté";;"3"
208;208;"Point";"6 profondeurs prévues";;;"1";"septembre";"Subjectif/orienté";"3 personnes.";"1"
209;209;"Point";"6 profondeurs prévues";;;"1";"septembre";"Subjectif/orienté";"3 personnes.";"1"
210;210;"Point";;;;"1";"septembre";"Subjectif/orienté";"3 personnes.";"1"
211;211;"Point";"1";"1 m/s (remonter le filet lentement)";"Filet à plancton (maille 50 µm, diamètre 30 cm)";"1";"septembre";"Subjectif/orienté";"3 personnes.";"1"
212;212;"Point";"3";;">100 cm²";"1";"septembre";"Subjectif/orienté";"Prélever au minimum 5 pierres ou galets situés dans la zone euphotique entre 40 et 60cm de profondeur.";"1"
218;218;"Placette";;;"30x30 m";;;"Subjectif/orienté";;"1"
218002;218;"Transect";;;"30 m";;;"Systématique";;"2"
218003;218;"Point";"150";;;;;"Systématique";"Tous les 20 cm";"3"
219;219;"Placette";;;"30x30 m";;;"Subjectif/orienté";;"1"
219002;219;"Placette flore";"1/placette 30x30m";;"90 m2";;;"Systématique";;"2"
219003;219;"Sous-placette";"3/placette flore";;"10x3 m";;;"Systématique";;"3"
224;224;"Point (EPS)";"10/réserve au minimum";"5'";"100m de rayon de détection";"2";"01/04 au 08/05
09/05 au 15/06
(si altitude : charnière au 15/05)";"Subjectif/orienté";;"1"
225;225;"Surface, ou transect";;;"1 à 2 ha, ou 200m";;;"Subjectif/orienté";"homogénéité stationnelle : il est vivement souhaitable qu'un relevé ne chevauche pas plusieurs formations végétales très différentes.";"1"
226;226;"Périmètre d'étude";;;"limites des ZEE";;"été (en zone tropicale), différentes saisons (zones tempérées)";"Stratifié";;"1"
226002;226;"Transect";;"1h";"<100 milles nautiques";;;"Systématique";;"2"
227;227;"Point d'observation (jardin)";"1";"15 à 20'";;"Autant que souhaité";"Toute l’année";"Subjectif/orienté";;"1"
228;228;"Point (nichoir)";"30 (minimum)";"4x 5'/filet, toutes les 5'";;"3 à 5/an, sur 5 ans";"15/01 au 01/03; 14/03 au 15/04; mai, juin/juillet; 15/09 au 01/11";"Subjectif/orienté";;"1"
229;229;"Transect";;;"25 m";;;"Subjectif/orienté";;"1"
229002;229;"Carré (quadrat)";"1 à 5/transect";;"1 m2";;;"Subjectif/orienté";;"2"
230;230;"Point d'échantillonnage (filet)";;"20'";;"3";"mai; juillet; septembre";"Subjectif/orienté";"2 personnes au minimum.";"1"
231;231;"Itinéraire choisi";;"15' (minimum)";;;;"Subjectif/orienté";;"1"
232;232;"Site";"2";;;;;"Subjectif/orienté";"Chaque année, un site chassé et un site non chassé font l’objet de ce protocole de suivis.";"1"
232002;232;"Transect (layon)";"3 ou 4/site";"3h";"3 km";"2 passages par layon/jour";;"Aléatoire simple";"1 agent par layon";"2"
234;234;"Point d'observation";;"1h";"500m de champ de vision";"1/jour";"01/11 au 28/02";"Subjectif/orienté";"Les points d'observations seront distants d'environ 1 km. Une observation sera faite chaque soir, pendant 1 h : 50' avant le coucher du soleil et 10' après le coucher du soleil.";"1"
235;235;"Point d'observation";;;;;"01/08 au 10/11; ou 20/01 au 31/05 pour les sites printaniers";"Subjectif/orienté";;"1"
236;236;"Point d'observation";;;;"3";"juin";"Subjectif/orienté";"2 observateurs. Comptages en milieu de journée.";"1"
237;237;"Zone";;;;;"février/mars";"Subjectif/orienté";;"1"
238;238;"Point d'observation";;;"distance de 400m du site de dortoir";;"octobre à janvier";"Subjectif/orienté";;"1"
239;239;"Carré";"5/ département";"50h";"5x5 km";"1 à 2/mois";"février/mars à juillet/août";"Aléatoire simple";;"1"
239002;239;"Point d'observation";"25";"1h";"500m de rayon d'observation";"2 à 3";;"Systématique";;"2"
240;240;"Point d'écoute";"91";;;"1/an";"printemps";"Systématique";"Stations espacées de 5km.";"1"
241;241;"Site";;;;"3";"mi-mai, mi-juin et mi-juillet";;"Cette méthode nécessite 2 observateurs qui réalisent l’échantillonnage d’un point au même moment.";"1"
242;242;"Carré (maille)";;"20' à 1h30";"500x500 m";"3";"01/04 (± 15 j); 01/05 ± 15 j); 01/06 ± 15 j).";"Stratifié";"Les mailles de 500 m × 500 m — emboîtées dans les mailles de 10 km × 10 km — sont censées couvrir
l’ensemble des habitats favorables, pour toutes les espèces concernées par l’approche par
échantillonnage probabilist";
244;244;"point d’observation";;"Nuit (commence 10 min avant le coucher du soleil, stoppé suite à 10
min consécutives sans aucune sortie de chauve-souris).";;"2/an (minimum)
où la présence d’adultes sur colonie est la plus importante.";"juillet – août et décembre – janvier.";"Subjectif/orienté";"2 observateurs";"1"
245;245;"point d’observation";"1";;;"1/mois";"Toute l’année";"Subjectif/orienté";"Point d’observation à minimum de 100 m du dortoir. 1 à 3 observateurs. A réaliser 45 min à 1h30 après lever du soleil.";"1"
246;246;"Station";;;"largeur < 8 m; profondeur < 60 cm (idéalement <40 cm), linéaire continu sur 100m";;;"Subjectif/orienté";"La longueur de la station dépend de sa largeur. Trente points sont à échantillonner par station, avec une séparation de 5 m entre chaque point.";"1"
246002;246;"Point d’échantillonnage";"30";"0,5'";"2m de rayon";;"septembre (mais possible à partir de juin)";"Systématique";"5 à 6 personnes.";"2"
247;247;"Station";;"5'";;;;"Subjectif/orienté";"Seuls les radiers/rapides (granulométrie grossière, profondeur< 40 cm et vitesse de courant > 40 cm.s-1 ) sont prospectés.";"1"
247002;247;"Point d’échantillonnage";"35 à 45";;;;"septembre-octobre";"Systématique";"4 personnes.";"2"
248;248;"Station";;;;;;;;
249;249;"Point d'écoute";"10";"2 * 5 minutes";"Rayon d'écoute de 100 m";"1";"10 mai au 5 juillet";"Aléatoire simple";"Les points d'écoute sont définis par un référent qu'il convient de contacter avant la mise en place du protocole";
250;250;"Transects";"1 à 3";;"100 à 800 mètres";"1";"Mai-juin";;;
250002;250;"Placettes";"5 à 20";;;"1";"Mai-juin";;;
251;251;"Points";"En fonction du site";"En fonction de la surface des mares";;"3";"Dès la détection des espèces précoce (généralement entre le 15 février et le 15 mars), entre le 15 avril et le 15 mai et entre le 15 juin et le 15 juillet";;;
252;252;"Transect";"Dépend de la configuration du site";;"25 mètres de long et 5 mètres de large";"3";"1ère visite : avril/mai, 2ème visite : juin/juillet, 3ème visite : août/septembre";;"Cette option est à retenir dans tous les cas où l'interface terre/eau est bien marquée et où le déplacement à pied le long du transect est aisé (sol portant, eau peu profonde, zone peu encombrée)";
252002;252;"Points";"Dépend de la configuration du site";;"Rayon de 5 à 10 mètres";"3";"1ère visite : avril/mai, 2ème visite : juin/juillet, 3ème visite : août/septembre";;;
253;253;"Tronçon routier";"1 tronçon par maille de l'IGN";;"Au moins 4 kilomètres";;"Mi janvier : entre le 10 et le 21 janvier";"Systématique";;
253002;253;"Points";"5 par trçon routier";"5 minutes";;;"Mi janvier : entre le 10 et le 21 janvier";"Systématique";;
254;254;"Points d'écoute";;"10 minutes";"Rayon de 500 mètres";"2";"1er passage entre le 1er et le 30 avril, 2ème passage entre le 15 mai et le 15 juin";"Systématique";;
