"CD_PROTOCOLE";"CD_ATTRIBUT"
1;8
1;12
1;25
1;145
2;8
2;20
2;22
2;25
2;26
2;29
3;8
3;14
3;23
3;25
3;145
4;8
4;14
4;23
4;25
4;145
5;9
5;17
5;18
5;21
5;22
5;25
5;26
5;28
5;29
6;9
6;18
6;21
6;22
6;25
6;26
6;28
6;29
7;1
7;2
7;6
7;8
7;9
7;17
7;18
7;21
7;27
7;28
7;29
7;30
7;144
8;1
8;2
8;6
8;8
8;9
8;16
8;17
8;18
8;21
8;27
8;28
8;29
8;30
8;144
9;7
9;12
9;13
9;14
9;23
9;25
9;29
10;7
10;12
10;13
10;14
10;23
10;25
10;29
11;7
11;12
11;13
11;14
11;23
11;25
11;29
12;7
12;12
12;13
12;14
12;23
12;25
12;29
13;7
13;12
13;13
13;14
13;23
13;25
13;29
14;7
14;12
14;13
14;14
14;23
14;25
14;29
15;7
15;12
15;13
15;14
15;23
15;25
15;29
16;6
16;19
16;21
16;22
16;25
16;26
16;29
17;12
17;17
17;19
17;21
17;28
17;29
17;144
18;12
18;17
18;19
18;21
18;28
18;29
18;144
19;3
19;19
19;21
19;22
19;25
19;26
19;29
20;3
20;19
20;21
20;22
20;25
20;26
20;29
21;9
21;17
21;18
21;19
21;21
21;26
21;28
21;29
21;144
22;6
22;16
22;17
22;18
22;21
22;23
22;25
22;26
22;29
25;8
25;12
25;13
25;23
25;25
25;26
25;29
25;33
26;6
26;16
26;18
26;22
26;23
26;25
26;27
26;29
27;2
27;16
27;17
27;18
27;19
27;21
27;22
27;23
27;25
27;26
27;27
27;29
28;5
28;6
28;16
28;18
28;19
28;21
28;22
28;23
28;25
28;26
28;27
28;29
29;6
29;16
29;18
29;19
29;21
29;22
29;23
29;25
29;26
29;27
29;29
30;5
30;16
30;18
30;21
30;22
30;25
30;26
30;27
30;29
31;5
31;21
31;22
31;25
31;26
31;27
31;29
32;6
32;16
32;18
32;19
32;21
32;22
32;23
32;25
32;27
32;29
33;6
33;16
33;17
33;18
33;19
33;21
33;22
33;23
33;25
33;26
33;29
34;9
34;21
34;23
34;25
34;26
34;28
34;29
35;2
35;14
35;16
35;18
35;21
35;22
35;25
35;26
35;29
36;2
36;14
36;16
36;18
36;19
36;21
36;22
36;25
36;26
36;27
36;29
37;2
37;14
37;16
37;18
37;19
37;21
37;22
37;25
37;26
37;27
37;29
38;2
38;20
38;22
38;25
38;26
38;29
39;2
39;14
39;16
39;18
39;19
39;21
39;22
39;25
39;26
39;27
39;29
40;1
40;13
40;21
40;23
40;25
40;26
40;29
40;30
41;1
41;13
41;21
41;23
41;25
41;26
41;29
41;30
42;1
42;13
42;21
42;23
42;25
42;29
42;30
43;1
43;13
43;21
43;23
43;25
43;29
43;30
44;1
44;13
44;21
44;23
44;25
44;26
44;29
44;30
45;1
45;13
45;21
45;23
45;25
45;29
45;30
46;1
46;13
46;21
46;23
46;25
46;29
46;30
47;1
47;13
47;21
47;23
47;25
47;26
47;29
47;30
48;1
48;13
48;15
48;18
48;23
48;25
48;26
48;29
49;1
49;14
49;21
49;25
49;26
49;29
50;1
50;13
50;21
50;23
50;25
50;26
50;29
51;1
51;12
51;16
51;18
51;21
51;23
51;25
51;26
51;27
51;29
52;8
52;11
52;16
52;25
52;27
52;29
52;30
52;33
53;6
53;17
53;21
53;25
53;26
53;28
53;33
54;1
54;13
54;16
54;18
54;21
54;23
54;25
54;26
54;27
54;29
54;30
55;1
55;13
55;18
55;21
55;23
55;25
55;26
55;27
55;29
56;6
56;17
56;18
56;21
56;25
56;26
56;27
56;29
57;7
57;12
57;16
57;21
57;23
57;24
57;25
57;27
57;30
58;6
58;17
58;18
58;21
58;25
58;26
58;27
58;30
59;1
59;2
59;7
59;8
59;11
59;18
59;19
59;25
59;27
59;29
60;2
60;6
60;9
60;16
60;17
60;18
60;19
60;21
60;25
60;26
60;30
61;12
61;17
61;28
61;29
61;144
62;9
62;12
62;17
62;28
62;29
63;7
63;13
63;18
63;19
63;23
63;25
63;29
64;9
64;12
64;16
64;17
64;25
64;27
64;29
65;7
65;12
65;14
65;21
65;23
65;25
65;29
66;17
66;18
66;19
66;24
66;28
66;30
66;144
67;7
67;12
67;13
67;18
67;19
67;23
67;24
67;25
67;29
68;7
68;8
68;9
68;14
68;17
68;18
68;19
68;21
68;25
68;28
68;29
68;144
69;7
69;8
69;9
69;14
69;17
69;18
69;19
69;21
69;25
69;28
69;29
69;144
70;4
70;6
70;16
70;18
70;25
70;27
70;28
70;33
71;6
71;12
71;21
71;25
71;26
71;29
72;9
72;12
72;22
72;23
72;24
72;25
72;26
72;29
72;30
73;3
73;12
73;16
73;21
73;25
73;26
73;27
73;29
74;3
74;17
74;18
74;21
74;25
74;26
74;29
75;8
75;12
75;14
75;21
75;22
75;23
75;24
75;25
75;29
76;6
76;12
76;16
76;17
76;18
76;21
76;22
76;25
76;26
76;28
76;29
77;8
77;11
77;13
77;19
77;25
77;26
77;145
78;8
78;11
78;13
78;25
78;26
78;27
78;145
79;8
79;11
79;13
79;14
79;25
79;27
79;29
79;33
80;8
80;11
80;13
80;14
80;23
80;25
80;26
80;27
80;145
81;8
81;12
81;13
81;23
81;24
81;25
81;29
82;8
82;11
82;13
82;19
82;20
82;22
82;25
82;26
82;27
82;29
83;8
83;13
83;14
83;23
83;24
83;25
83;27
83;29
84;3
84;17
84;18
84;19
84;21
84;24
84;25
84;26
84;28
84;29
85;2
85;12
85;21
85;23
85;25
85;26
85;30
85;33
86;3
86;9
86;12
86;21
86;25
86;26
86;145
87;8
87;13
87;14
87;19
87;23
87;25
87;26
87;27
87;145
88;8
88;13
88;14
88;16
88;18
88;19
88;23
88;25
88;26
88;27
88;28
88;145
89;8
89;13
89;14
89;16
89;19
89;21
89;23
89;25
89;26
89;27
89;30
89;33
90;8
90;11
90;25
90;28
90;145
91;1
91;17
91;18
91;19
91;21
91;23
91;25
91;26
91;27
91;28
91;29
91;30
92;9
92;12
92;17
92;18
92;19
92;21
92;23
92;25
92;26
92;27
92;28
92;30
93;6
93;17
93;18
93;19
93;21
93;23
93;25
93;26
93;27
93;28
93;29
93;30
94;6
94;17
94;18
94;19
94;21
94;23
94;25
94;26
94;27
94;28
94;30
95;9
95;18
95;21
95;22
95;25
95;26
95;27
95;29
96;8
96;19
96;23
96;25
96;26
96;27
96;145
97;6
97;16
97;20
97;22
97;25
97;26
97;27
97;145
98;6
98;12
98;21
98;22
98;23
98;25
98;26
98;27
98;29
98;30
98;33
99;8
99;23
99;25
99;26
99;29
99;30
99;33
100;6
100;22
100;23
100;25
100;26
100;27
100;145
102;7
102;22
102;23
102;25
102;26
102;27
102;35
102;145
103;7
103;22
103;23
103;25
103;26
103;27
103;145
104;7
104;22
104;23
104;25
104;26
104;27
104;145
105;9
105;18
105;19
105;22
105;23
105;25
105;26
105;145
110;6
110;21
110;23
110;25
110;26
110;29
112;7
112;12
112;25
112;27
112;30
121;7
121;11
121;18
121;25
121;29
122;7
122;12
122;23
122;25
122;29
136;7
136;9
136;13
136;16
136;19
136;23
136;26
136;27
136;29
137;7
137;9
137;16
137;19
137;23
137;27
137;29
138;7
138;13
138;16
138;25
138;29
139;7
139;15
139;16
139;25
139;29
140;7
140;15
140;16
140;25
140;29
141;7
141;15
141;16
141;25
141;29
142;7
142;15
142;16
142;25
142;29
143;7
143;12
143;25
143;30
143;33
147;6
147;12
147;26
147;29
148;15
148;28
148;29
148;144
149;2
149;9
149;16
149;27
149;30
150;1
150;12
150;26
150;29
151;6
151;12
151;22
151;23
151;25
151;29
152;2
152;9
152;16
152;30
152;144
153;2
153;9
153;16
153;26
153;30
153;144
154;6
154;12
154;16
154;23
154;25
154;27
154;29
154;30
155;8
155;12
155;13
155;23
155;25
155;29
156;8
156;12
156;23
156;25
156;29
157;8
157;23
157;25
157;29
158;1
158;23
158;25
158;29
158;30
159;1
159;23
159;26
159;29
159;30
160;1
160;13
160;23
160;25
160;26
160;29
160;30
161;1
161;13
161;23
161;25
161;29
161;30
162;1
162;13
162;23
162;25
162;26
162;29
162;30
163;1
163;13
163;23
163;25
163;26
163;29
164;1
164;23
164;25
164;26
164;29
164;30
165;2
165;9
165;16
165;27
165;30
165;144
166;16
166;21
166;26
166;28
166;29
166;144
167;16
167;21
167;26
167;28
167;29
167;144
168;16
168;21
168;26
168;28
168;29
168;144
169;16
169;21
169;26
169;28
169;29
169;144
170;16
170;17
170;28
170;33
170;144
171;19
171;28
171;33
171;144
172;5
172;16
172;27
172;28
172;30
173;2
173;16
173;26
173;30
174;2
174;30
175;2
175;4
175;5
175;16
175;21
175;26
175;27
175;33
176;2
176;9
176;16
176;25
176;28
176;32
176;33
176;144
177;17
177;27
177;28
177;29
177;30
177;144
178;17
178;28
178;29
178;30
178;144
179;17
179;27
179;28
179;29
179;30
179;144
180;17
180;27
180;28
180;29
180;30
180;144
181;2
181;6
181;17
181;28
181;29
181;30
181;144
182;17
182;27
182;28
182;29
182;30
182;144
183;2
183;5
183;9
183;17
183;28
183;33
183;144
184;2
184;6
184;17
184;28
184;29
184;30
184;144
185;6
185;17
185;28
185;33
185;144
186;17
186;28
186;29
186;144
187;6
187;17
187;28
187;30
187;144
188;6
188;17
188;28
188;29
188;144
189;6
189;17
189;28
189;30
189;144
190;6
190;17
190;28
190;29
190;144
191;2
191;4
191;5
191;27
191;28
191;32
191;33
191;144
192;2
192;9
192;10
192;28
192;33
192;144
193;1
193;6
193;8
193;9
193;17
193;28
193;29
193;30
193;144
194;6
194;9
194;17
194;28
194;30
194;144
195;17
195;28
195;30
195;144
196;17
196;28
196;30
196;144
197;3
197;19
197;21
197;22
197;25
197;29
198;9
198;12
198;19
198;22
198;25
198;29
199;1
199;12
199;21
199;23
199;25
199;26
199;29
200;1
200;21
200;23
200;25
200;26
200;29
201;1
201;18
201;21
201;23
201;27
201;29
202;7
202;13
202;23
202;25
202;26
203;7
203;19
203;21
203;25
204;9
204;12
204;22
204;23
204;26
204;29
204;30
205;6
205;12
205;25
205;29
205;30
206;9
206;18
206;19
206;29
207;9
207;18
207;19
207;21
207;29
208;9
208;26
208;30
209;2
209;26
209;30
210;10
210;26
210;30
211;2
211;26
211;30
212;2
212;26
212;30
213;9
213;13
213;19
213;23
213;25
213;29
214;9
214;13
214;19
214;23
214;29
215;9
215;12
215;16
215;18
215;19
215;29
216;13
216;16
216;18
216;19
216;23
216;29
216;144
217;16
217;18
217;19
217;23
217;29
217;144
218;9
218;18
218;19
218;23
218;26
218;29
219;9
219;19
219;21
219;23
219;26
219;29
224;8
224;23
224;26
224;29
224;30
224;33
225;9
225;12
225;26
225;29
225;30
225;33
226;1
226;7
226;8
226;10
226;12
226;14
226;16
226;19
226;25
226;26
226;27
226;31
227;8
227;12
227;16
227;18
227;21
227;22
227;23
227;25
227;26
227;29
228;8
228;13
228;14
228;25
228;29
229;2
229;18
229;19
229;21
229;22
229;23
229;25
229;33
230;10
230;16
230;18
230;19
230;26
230;27
230;28
230;30
230;33
230;144
231;1
231;7
231;8
231;10
231;19
231;21
231;23
231;25
231;26
231;31
232;1
232;7
232;8
232;13
232;19
232;23
232;25
232;26
232;29
233;8
233;12
233;14
233;16
233;23
233;25
233;30
233;33
234;8
234;20
234;25
234;29
235;8
235;11
235;25
235;29
236;8
236;13
236;23
236;25
236;33
237;8
237;13
237;23
237;25
237;29
238;8
238;12
238;23
238;25
238;29
239;8
239;12
239;23
239;25
239;29
240;8
240;12
240;16
240;23
240;25
240;27
240;30
241;8
241;12
241;14
241;17
241;18
241;23
241;25
241;27
241;30
241;33
242;8
242;12
242;23
242;25
242;30
242;33
243;8
243;12
243;23
243;25
243;29
243;30
244;7
244;23
244;25
244;29
245;7
245;14
245;23
245;25
245;29
245;91
246;10
246;13
246;16
246;23
246;25
246;30
247;10
247;14
247;23
247;25
247;30
248;6
248;12
248;26
248;29
249;8
249;23
249;26
249;29
250;9
250;21
250;26
250;29
251;1
251;21
251;26
251;30
252;6
252;21
252;26
252;29
252;30
253;8
253;23
253;26
253;29
254;8
254;23
254;26
254;29
255;16
255;18
255;21
255;29
255;144
256;16
256;18
256;21
256;29
256;144
257;16
257;18
257;21
257;29
257;144
258;16
258;18
258;21
258;29
258;144
259;16
259;18
259;21
259;29
259;144
