"CD_PROTOCOLE";"CD_TECHNIQUE";"COMMENTAIRE"
1;1005;
1;1012;
1;1060;
1;1072;
1;1075;
1;1076;
1;1107;
2;1005;
3;1012;
4;1012;
5;1005;
6;1005;
7;1001;
7;1005;
7;1012;
7;1044;
7;1046;
7;1056;
7;1058;
7;1060;
7;1062;
7;1072;
7;1076;
8;1001;
8;1005;
8;1012;
8;1044;
8;1046;
8;1056;
8;1058;
8;1060;
8;1062;
8;1072;
8;1076;
9;1140;
10;1005;
10;1076;
11;1005;
11;1076;
12;1005;
12;1076;
13;1064;
14;1005;
14;1076;
15;1005;
15;1076;
17;1005;
18;1005;
19;1005;
19;1058;
20;1005;
20;1058;
21;1005;
22;1005;
25;1005;
25;1012;
25;1058;
25;1072;
25;1075;
25;1076;
25;1107;
25;1139;
26;1085;
27;1051;
28;1083;
30;1083;
31;1005;
32;1005;
33;1005;
34;1005;
35;1051;
36;1051;
37;1051;
38;1087;
39;1065;
40;1005;
40;1012;
40;1031;
40;1044;
40;1046;
40;1062;
40;1072;
40;1075;
40;1100;
41;1005;
41;1012;
41;1031;
41;1044;
41;1046;
41;1062;
41;1072;
41;1075;
41;1100;
42;1005;
42;1044;
42;1062;
42;1072;
43;1100;
44;1005;
44;1012;
44;1046;
44;1072;
45;1005;
45;1012;
45;1046;
45;1072;
46;1100;
47;1005;
47;1012;
47;1031;
47;1044;
47;1046;
47;1062;
47;1072;
47;1075;
47;1100;
48;1005;
48;1083;
49;1005;
49;1083;
50;1005;
50;1083;
51;1005;
51;1083;
52;1055;
52;1075;
53;1065;
54;1100;
55;1005;
55;1076;
55;1083;
56;1042;
57;1060;
58;1031;
59;1026;
60;1005;
60;1056;
61;1005;
62;1005;
63;1064;
64;1005;
65;1005;
65;1076;
66;1005;
66;1076;
67;1060;
68;1005;
68;1012;
68;1026;
68;1076;
68;1107;
68;1127;
69;1005;
69;1012;
69;1026;
69;1076;
69;1107;
69;1127;
70;1005;
71;1018;
72;1005;
73;1005;
74;1005;
75;1012;
75;1075;
76;1005;
77;1055;
77;1075;
78;1055;
78;1075;
79;1055;
79;1075;
80;1055;
80;1075;
81;1005;
81;1085;
82;1055;
83;1055;
83;1075;
84;1005;
85;1005;
86;1005;
87;1055;
88;1055;
89;1055;
90;1055;
90;1075;
91;1005;
91;1012;
91;1044;
91;1046;
91;1062;
91;1072;
92;1005;
93;1005;
93;1056;
93;1076;
94;1005;
94;1012;
95;1005;
95;1058;
96;1005;
96;1012;
96;1076;
97;1058;
98;1005;
98;1044;
98;1056;
98;1076;
99;1005;
99;1012;
99;1076;
100;1005;
102;1113;
103;1127;
104;1127;
105;1005;
106;1015;
110;1127;
112;1060;
112;1100;
122;1109;
122;1124;
122;1139;
136;1005;
137;1005;
143;1060;
147;1177;
148;1005;
149;1005;
149;1170;
150;1005;
150;1046;
150;1060;
150;1076;
151;1005;
151;1026;
152;1005;
152;1170;
153;1005;
153;1170;
154;1056;
155;1060;
155;1075;
155;1107;
155;1126;
156;1012;
156;1075;
157;1005;
157;1012;
157;1076;
158;1005;
158;1012;
158;1031;
158;1044;
158;1046;
158;1062;
158;1072;
158;1075;
158;1100;
159;1005;
159;1012;
159;1044;
159;1046;
159;1061;
159;1062;
159;1072;
160;1005;
160;1012;
160;1046;
160;1072;
161;1005;
161;1046;
161;1072;
162;1005;
162;1044;
162;1062;
162;1072;
163;1005;
163;1072;
164;1005;
164;1044;
164;1062;
164;1072;
165;1005;
165;1170;
166;1005;
167;1005;
168;1005;
169;1005;
170;1005;
170;1068;
170;1069;
171;1005;
172;1035;
173;1052;
173;1170;
175;1024;
175;1035;
176;1008;
176;1022;
176;1024;
176;1058;
177;1005;
177;1170;
178;1005;
179;1005;
180;1005;
181;1005;
181;1062;"Technique pour indicateur faune"
182;1005;
183;1005;
183;1031;
184;1005;
184;1062;"Technique pour indicateur faune"
185;1005;
185;1065;"Technique pour indicateur faune"
186;1005;
187;1005;
188;1005;
188;1082;"Technique pour indicateur faune"
189;1005;
190;1005;
190;1082;"Technique pour indicateur faune"
191;1005;
191;1008;
191;1022;
191;1033;
191;1035;
191;1063;"Avec une lunette de Calfat"
191;1144;
192;1005;
192;1063;
193;1005;
194;1005;
195;1005;
196;1005;
197;1005;
198;1005;
199;1005;
199;1083;
200;1005;
200;1083;
201;1005;
201;1083;
203;1060;
204;1005;
206;1005;
207;1005;
213;1005;
214;1005;
215;1005;
216;1005;
217;1005;
218;1005;
219;1005;
224;1012;
225;1005;
226;1140;
227;1005;
228;1005;
228;1085;
229;1005;
229;1058;
231;1005;
232;1005;
233;1005;
233;1076;
234;1005;
234;1076;
235;1076;
236;1005;
236;1076;
237;1005;
238;1005;
239;1005;
240;1012;
241;1076;
242;1005;
242;1076;
243;1005;
244;1072;
245;1076;
246;1062;
247;1062;
248;1001;
248;1005;
248;1012;
249;1005;
249;1012;
249;1076;
250;1005;
251;1012;
251;1062;
251;1072;"Avec torche"
251;1100;"Piégeage Amphicapts, piège à bouteille ou nasses"
252;1005;
253;1005;
253;1012;
253;1076;
254;1012;
255;1005;
256;1005;
257;1005;
258;1005;
259;1005;
