"CD_PROTOCOLE";"CD_DOC";"PAGE"
1;374404;
2;374409;
3;374417;
4;374429;
5;374418;
5;399824;
6;374419;
7;358209;
8;358209;
9;201608;"29"
10;201608;"9"
11;201608;"21"
12;201608;"13"
13;201608;"17"
14;201608;"25"
15;201608;"33"
16;174548;
17;374430;
19;214094;
19;374431;
21;214100;
22;136598;
25;374433;
26;383244;"19"
27;383244;"8"
28;383244;"13"
29;383244;"25"
30;142735;
31;142735;
34;374520;
35;374993;
35;374994;
35;375031;
36;374992;
36;374993;
36;374994;
36;375031;
37;374526;
37;374993;
37;374994;
37;375031;
38;374591;
38;374993;
38;374994;
38;375031;
39;374594;
39;374993;
39;374994;
39;375031;
40;142449;
41;214069;
42;374596;
43;214069;
44;375819;
45;374577;
46;142475;
47;142475;
48;138241;
49;214072;"14"
50;214072;"16"
51;214072;"18"
52;374528;
53;214049;
54;214071;
55;214073;
56;214050;
57;212989;"158"
58;374598;"13"
58;375345;
59;142576;
60;374578;
61;214097;
62;214098;
63;374579;
64;374629;
65;374631;
66;374632;
67;378670;"5"
68;376090;
69;374612;
70;174789;
71;174788;
72;374614;
73;374616;
74;374618;
75;374636;
76;174549;
77;374621;
78;374638;
79;377695;
80;374641;
81;374644;
82;374645;
83;374623;
84;374649;
85;214092;
86;214090;
87;374625;
88;374625;"7"
89;374625;"6"
90;374654;
91;174530;"72"
92;174530;"50"
93;174530;"66"
94;174530;"62"
95;374671;
96;143826;
97;140288;
98;137054;
99;374656;
100;136603;
102;142559;
103;142554;
104;142556;
105;214096;
106;374658;
110;142556;
110;389514;"210"
112;374663;"6"
112;389512;"11"
121;376091;
122;247209;
136;201608;"71"
137;201608;"77"
138;201608;"65"
139;201608;"39"
140;201608;"49"
141;201608;"61"
142;201608;"55"
143;106901;"109"
147;140349;
148;375430;
149;214101;
150;314872;
151;375497;
153;375506;
154;375507;
155;375516;
156;376150;
157;375548;
158;142475;
159;375821;
160;374597;
161;374577;
162;375822;
163;375823;
164;375824;
165;376092;
166;374432;"5"
167;374432;"2"
168;374432;"2"
169;374432;"2"
170;376154;"14"
171;376154;"20"
172;214089;
173;376166;
175;376209;
176;356489;
177;259469;"137"
178;259469;"57"
179;259469;"84"
180;259469;"113"
181;259469;"190"
182;259469;"164"
183;270630;
184;259469;"223"
185;247169;
186;247406;
187;141210;"151"
188;141210;"39"
189;141210;"127"
190;141210;"83"
191;247172;
192;247361;
193;247258;
194;247331;
195;321270;
196;363529;
197;214094;
197;374431;
198;387966;
199;376870;
200;384246;
201;384247;
203;374633;"4"
204;383769;
213;387989;"14-15"
214;387989;"16-17"
215;387989;"11 à 13"
216;387989;"20 à 22"
217;387989;"23"
218;387996;"9"
219;387996;
224;389494;
225;389518;
226;389521;"19"
227;389571;"3"
228;389522;
229;389523;
230;389572;"40"
231;389573;"16"
232;389904;
233;389916;
234;389905;"8"
235;389906;"20"
236;389918;
237;389932;"13"
238;389932;"19"
239;389819;
240;389934;"255"
241;389936;"8"
242;389938;"10"
243;389951;"8"
248;400255;
249;400245;
250;400295;
251;400295;
252;400295;
253;400296;
254;400296;
255;402336;"5"
256;402336;"6-8"
257;402336;"9-11"
258;402336;"12-13"
259;402336;"6-8"
