"CD_TECHNIQUE";"CD_ATTRIBUT"
1001;5
1001;6
1001;29
1001;36
1001;48
1001;81
1001;95
1002;6
1002;29
1002;39
1002;45
1002;46
1002;48
1002;58
1002;74
1002;95
1002;101
1002;123
1003;6
1003;29
1003;36
1003;48
1003;54
1003;95
1003;101
1004;5
1004;6
1004;29
1004;36
1004;51
1004;95
1004;101
1005;1
1005;2
1005;3
1005;4
1005;5
1005;6
1005;7
1005;8
1005;9
1005;10
1005;29
1005;30
1005;33
1005;144
1006;6
1006;29
1006;38
1006;90
1006;132
1007;6
1007;29
1007;38
1007;47
1008;1
1008;2
1008;4
1008;5
1008;6
1008;7
1008;9
1008;10
1008;30
1008;31
1008;32
1008;144
1009;6
1009;29
1009;39
1009;133
1010;6
1010;29
1011;6
1011;29
1012;1
1012;6
1012;7
1012;8
1012;29
1013;6
1013;29
1013;38
1013;83
1014;6
1014;29
1014;38
1014;48
1014;95
1014;109
1015;6
1015;29
1015;38
1015;48
1015;95
1015;138
1016;6
1016;29
1016;38
1016;124
1017;6
1017;29
1017;114
1018;6
1018;29
1018;38
1018;113
1019;6
1019;29
1019;83
1020;4
1020;6
1020;29
1020;38
1020;48
1020;95
1021;6
1021;29
1021;48
1021;95
1021;111
1021;124
1022;2
1022;4
1022;5
1022;32
1023;6
1023;29
1023;38
1023;48
1023;72
1023;95
1024;2
1024;4
1024;5
1024;29
1024;33
1026;1
1026;2
1026;3
1026;4
1026;5
1026;6
1026;7
1026;8
1026;9
1026;10
1026;29
1027;6
1027;29
1027;38
1027;72
1027;100
1028;6
1028;29
1028;38
1028;39
1028;48
1028;75
1028;95
1030;4
1030;6
1030;29
1030;38
1030;48
1030;95
1030;109
1030;131
1030;138
1031;1
1031;5
1031;6
1031;30
1031;85
1032;1
1032;6
1032;30
1032;38
1032;84
1033;5
1033;6
1033;30
1033;39
1033;80
1033;89
1034;6
1034;29
1034;79
1035;5
1035;6
1035;30
1035;39
1035;50
1035;52
1036;1
1036;4
1036;7
1036;10
1036;30
1036;31
1036;32
1037;1
1037;4
1037;7
1037;10
1037;30
1037;31
1037;32
1038;6
1038;30
1038;38
1038;104
1039;6
1039;30
1039;38
1039;72
1039;103
1040;2
1040;4
1040;5
1040;32
1041;2
1041;4
1041;5
1041;33
1042;6
1042;29
1042;38
1042;48
1042;95
1042;108
1043;2
1043;4
1043;5
1043;32
1044;1
1044;6
1044;29
1044;30
1045;6
1045;29
1045;36
1045;48
1045;55
1045;95
1045;124
1046;1
1046;6
1046;29
1046;30
1047;6
1047;29
1049;10
1049;30
1050;5
1050;6
1050;30
1051;2
1051;29
1052;2
1052;4
1052;5
1052;32
1053;2
1053;4
1053;5
1053;33
1054;6
1054;29
1055;7
1055;8
1055;29
1055;41
1055;82
1056;6
1056;30
1057;6
1057;29
1057;53
1058;1
1058;2
1058;3
1058;4
1058;5
1058;6
1058;7
1058;8
1058;9
1058;10
1058;27
1058;29
1058;34
1058;44
1058;144
1059;1
1059;29
1059;48
1059;49
1060;1
1060;2
1060;5
1060;6
1060;7
1060;8
1060;29
1060;30
1060;37
1060;40
1061;1
1061;7
1061;10
1061;30
1061;102
1062;1
1062;5
1062;6
1062;30
1062;77
1063;1
1063;2
1063;4
1063;5
1063;6
1063;7
1063;9
1063;10
1063;30
1063;31
1063;32
1063;144
1064;7
1064;29
1064;128
1065;2
1065;4
1065;5
1065;6
1065;29
1065;36
1065;38
1065;46
1065;48
1065;95
1065;101
1065;123
1065;137
1066;2
1066;4
1066;6
1066;29
1066;38
1066;48
1066;93
1066;95
1066;127
1066;137
1067;2
1067;4
1067;6
1067;29
1067;38
1067;48
1067;123
1067;134
1068;1
1068;2
1068;4
1068;5
1068;7
1068;10
1068;31
1068;32
1068;144
1069;1
1069;2
1069;4
1069;5
1069;7
1069;10
1069;32
1069;144
1070;1
1070;2
1070;4
1070;5
1070;7
1070;10
1070;31
1070;32
1070;144
1072;1
1072;2
1072;3
1072;4
1072;5
1072;6
1072;7
1072;8
1072;9
1072;29
1072;30
1072;93
1075;1
1075;7
1075;8
1075;29
1075;42
1076;1
1076;6
1076;7
1076;8
1076;29
1076;30
1076;91
1077;1
1077;6
1077;7
1077;8
1077;29
1077;30
1077;35
1077;43
1077;98
1078;6
1078;29
1078;38
1078;59
1078;72
1079;6
1079;29
1080;4
1080;6
1080;29
1080;36
1080;38
1080;48
1081;6
1081;29
1082;6
1082;29
1083;1
1083;5
1083;29
1084;6
1084;29
1085;6
1085;7
1085;8
1085;29
1085;107
1086;6
1086;30
1086;39
1086;56
1087;145
1088;6
1088;29
1090;6
1090;30
1091;6
1091;30
1092;6
1092;30
1093;6
1093;29
1094;6
1094;29
1095;6
1095;29
1096;6
1096;29
1097;6
1097;29
1098;6
1098;29
1099;6
1099;29
1100;1
1100;7
1100;10
1100;30
1103;6
1103;29
1104;6
1104;29
1106;6
1106;29
1107;1
1107;6
1107;7
1107;8
1107;10
1107;29
1107;30
1107;40
1107;96
1108;7
1108;29
1108;40
1108;139
1109;7
1109;29
1109;40
1109;99
1109;139
1110;7
1110;29
1110;40
1110;99
1110;136
1112;7
1112;29
1112;57
1113;6
1113;7
1113;29
1113;67
1116;7
1116;29
1116;88
1120;1
1120;7
1120;8
1120;29
1120;116
1124;7
1124;29
1124;40
1124;112
1125;7
1125;30
1125;40
1125;129
1126;7
1126;8
1126;27
1126;29
1126;76
1127;6
1127;7
1127;29
1127;35
1127;63
1131;1
1131;2
1131;3
1131;4
1131;5
1131;6
1131;7
1131;8
1131;9
1131;10
1131;41
1131;97
1131;145
1132;1
1132;2
1132;3
1132;4
1132;5
1132;6
1132;7
1132;8
1132;9
1132;10
1132;41
1132;97
1132;145
1133;1
1133;2
1133;3
1133;4
1133;5
1133;6
1133;7
1133;8
1133;9
1133;10
1133;41
1133;97
1133;145
1134;7
1134;29
1135;1
1135;2
1135;4
1135;5
1135;7
1135;9
1135;10
1135;30
1135;31
1135;144
1136;1
1136;7
1136;8
1136;29
1136;34
1136;122
1137;1
1137;7
1137;8
1137;29
1137;34
1138;7
1138;29
1139;1
1139;7
1139;8
1139;29
1139;34
1139;122
1140;1
1140;7
1140;8
1140;10
1140;29
1140;31
1141;29
1141;144
1142;8
1142;29
1142;144
1143;29
1143;30
1143;144
1144;7
1144;31
1144;32
1144;144
1145;6
1145;29
1145;38
1145;48
1145;95
1145;131
1146;6
1146;29
1146;38
1146;48
1146;95
1146;131
1147;6
1147;29
1147;38
1147;48
1147;95
1147;131
1148;6
1148;29
1148;38
1148;48
1148;95
1148;131
1149;6
1149;29
1149;38
1149;48
1149;95
1149;131
1150;6
1150;29
1150;38
1150;48
1150;95
1150;131
1151;6
1151;29
1151;38
1151;48
1151;95
1151;131
1152;7
1152;29
1153;7
1153;29
1154;7
1154;29
1156;6
1156;31
1157;1
1157;2
1157;3
1157;5
1157;6
1157;7
1157;8
1157;9
1157;10
1157;29
1159;8
1159;29
1159;30
1159;144
1160;7
1160;29
1161;7
1161;29
1162;7
1162;29
1163;6
1163;29
1164;7
1164;29
1165;7
1165;29
1166;7
1166;29
1167;6
1167;29
1168;6
1168;29
1169;6
1169;29
1170;9
1170;30
1171;7
1171;29
1172;6
1172;29
1176;6
1176;7
1176;29
1176;30
1177;29
1177;30
1177;144
1199;1
1199;30
