"CD_TECHNIQUE";"CD_DOC";"PAGE"
1001;134261;"36"
1001;136561;"61"
1001;142609;"4"
1002;134261;"36"
1003;134261;"36"
1004;134261;"36"
1004;142609;"4"
1005;134261;"36"
1005;136561;"50 ; 95 ; 97 ; 123 ; 129 ; 176-177"
1005;137476;"187-188 ; 244-245 ; 258-261 ; 284-287 ; 290-291"
1005;142609;"3"
1006;134261;"37"
1007;134261;"37"
1008;136561;"191"
1009;134261;"38"
1010;134261;"59"
1011;134261;"59"
1012;134261;"39"
1012;136561;"97 ; 129 ; 150-151"
1012;137476;"244-245 ; 284-287"
1013;134261;"39"
1014;134261;"41"
1015;134261;"41"
1016;134261;"41"
1016;174328;
1017;134261;"42"
1018;134261;"42"
1018;174329;
1019;134261;"42"
1020;134261;"42"
1020;142609;"3"
1021;134261;"42-43"
1022;247330;"23"
1023;134261;"43"
1024;247330;"23"
1027;134261;"44-45"
1028;134261;"45"
1030;134261;"45"
1031;134261;"49"
1031;142609;"4"
1032;134261;"49"
1033;134261;"49"
1033;142609;"4"
1034;134261;"76"
1035;134261;"49"
1035;142609;"4"
1035;214089;"4"
1036;386217;"28"
1036;387044;"24"
1036;388937;"11 - 12 - 18"
1037;386217;"28"
1037;387044;"24"
1037;388937;"11 - 12 - 18"
1038;134261;"50"
1039;134261;"50"
1040;247329;"35"
1041;247329;"35"
1042;134261;"59"
1043;247329;"32"
1044;136561;"223"
1045;134261;"42"
1045;136561;"213"
1046;137476;"221 ; 250-251"
1046;137482;"144-145"
1047;134261;"39"
1049;386217;"37"
1050;136561;"232"
1051;374992;
1052;247329;"34"
1053;247330;"24"
1054;291556;
1055;136561;"99 ; 107-109"
1055;137476;"96, 278"
1056;136561;"224"
1057;134261;"38"
1057;137476;"187-188"
1058;136561;"136"
1058;140288;
1059;136561;"184"
1059;137476;"252"
1060;137476;"284"
1061;136561;"176"
1061;137476;"244-245"
1062;136561;"176"
1062;137476;"244-245"
1062;142609;"4"
1063;136561;"191"
1064;137476;"286"
1065;134261;"47"
1065;142609;"3"
1066;134261;"47"
1067;134261;"47"
1068;247329;"30"
1069;247330;"32"
1070;247329;"31"
1070;247330;"31"
1072;136561;"97 ; 100"
1075;136561;"129, 176"
1075;137476;"267"
1076;136561;"129, 182"
1077;386217;"75"
1078;134261;"80-81"
1079;402201;"354"
1080;134261;"55"
1081;134261;"53"
1081;136561;"227-228"
1082;134261;"83"
1082;136561;"227-228"
1083;136561;"185"
1084;291556;"196-197"
1085;137476;"293"
1086;134261;"50"
1088;134261;"76-78"
1090;134261;"50"
1090;136561;"240"
1091;134261;"50"
1092;134261;"50"
1093;134261;"44"
1094;134261;"44"
1095;134261;"44"
1096;136561;"223 - 224 - 240"
1097;136561;"223 - 224 - 240"
1098;136561;"223 -224 - 240"
1099;386353;
1100;136561;"184 - 191 -192"
1100;374663;"11"
1104;315073;"34"
1107;136561;"95"
1107;137476;"299"
1108;137941;
1109;138001;
1109;142608;"21"
1110;386347;
1112;137476;"286"
1113;137476;"292"
1116;200790;"9"
1120;136561;"96"
1124;137476;"285"
1125;200508;
1126;200790;"4"
1127;137476;"292"
1131;174521;
1132;174521;
1133;174521;
1134;386217;"59"
1135;136561;"191-191"
1136;386217;"44-45"
1137;386217;"61"
1138;386217;"53 à 56"
1139;386217;"46 à 51"
1140;136561;"133"
1140;389521;"10"
1141;386928;"12"
1142;386217;"57"
1142;386928;"9"
1143;386928;"10"
1144;386941;
1144;387027;"48"
1145;134261;
1145;174468;
1146;134261;
1146;174468;
1147;134261;
1147;174468;
1148;134261;
1148;174468;
1149;134261;
1149;174468;
1150;134261;
1150;174468;
1151;134261;
1151;174468;
1152;136561;"96"
1153;136561;"96"
1154;386395;"20-21"
1156;137476;"171"
1157;386571;
1157;386574;
1159;386217;"62 à 65"
1160;386637;"18"
1161;137476;"286"
1161;386637;"19"
1162;386637;"20"
1163;386677;
1163;386710;"5"
1164;386637;"19"
1165;386637;"18"
1166;386637;"17"
1167;386765;"21"
1168;200270;"16"
1169;315073;"34"
1170;259469;"139"
1171;387007;
1172;409655;
1177;136561;"55"
1199;136561;"177"
